drug,generic_name,common_uses,potential_benefits,important_risks_or_adverse_effects,dosage,half_life_or_body_presence,who_can_use,important_precautions,source,source_url
DUPIXENT,dupilumab,Atopic dermatitis; asthma; chronic rhinosinusitis with nasal polyps and other labeled type-2 inflammatory conditions,Reduces type-2 inflammation in approved conditions,Injection-site reactions; conjunctivitis/eye inflammation; eosinophilia; hypersensitivity,Dose varies by age and indication; subcutaneous dosing is used,About 17–20 days terminal half-life,Patients who meet the approved indication and age criteria,Prescription medicine; use according to the prescribing information,DailyMed,https://dailymed.nlm.nih.gov/dailymed/search.cfm?query=dupilumab
INFLECTRA,infliximab-dyyb,Crohn's disease; ulcerative colitis; rheumatoid arthritis; ankylosing spondylitis; psoriatic arthritis; plaque psoriasis,TNF-alpha blocker that reduces inflammatory activity,Serious infections; infusion reactions; malignancy warnings; liver injury,IV infusion; dose and interval vary by indication,About 8–10 days terminal half-life,Patients with an approved indication under specialist supervision,Screening and monitoring for infections such as TB are important,DailyMed,https://dailymed.nlm.nih.gov/dailymed/search.cfm?query=infliximab-dyyb
PREDNISONE,prednisone,Many corticosteroid-responsive inflammatory and allergic conditions,Powerful anti-inflammatory and immunosuppressive effect,Infection risk; increased blood glucose; fluid retention; osteoporosis; adrenal suppression,Dose is highly indication-dependent; tapering may be required after prolonged treatment,Prednisone is converted to prednisolone; prednisolone plasma half-life is roughly 2–4 hours,Patients with clinician-diagnosed corticosteroid-responsive conditions,Do not stop prolonged treatment suddenly without medical advice,DailyMed,https://dailymed.nlm.nih.gov/dailymed/search.cfm?query=prednisone
MOUNJARO,tirzepatide,Type 2 diabetes in adults as an adjunct to diet and exercise,Improves blood-glucose control through GIP and GLP-1 receptor activity,Nausea; diarrhea; vomiting; decreased appetite; pancreatitis and gallbladder warnings,Usually starts at 2.5 mg once weekly and is increased gradually; maximum labeled dose 15 mg weekly,About 5 days half-life,Adults with the labeled type 2 diabetes indication,Prescription medicine; follow contraindications and monitoring requirements,DailyMed,https://dailymed.nlm.nih.gov/dailymed/search.cfm?query=Mounjaro%20tirzepatide
METHOTREXATE,methotrexate,Certain cancers; rheumatoid arthritis; severe psoriasis and other labeled conditions,Antimetabolite and immunomodulatory treatment,"Serious bone-marrow, liver, lung, kidney and gastrointestinal toxicity; embryo-fetal toxicity",Dose and frequency vary greatly by indication; some non-cancer uses are once weekly,Plasma half-life is roughly 3–10 hours; intracellular metabolites may persist longer,Patients with a specific labeled indication under close medical supervision,Medication-frequency errors can be dangerous; follow the exact prescription,DailyMed,https://dailymed.nlm.nih.gov/dailymed/search.cfm?query=methotrexate
ZEPBOUND,tirzepatide,Chronic weight management in eligible adults; obstructive sleep apnea in adults with obesity under current labeling,Supports weight reduction and metabolic improvement in approved indications,Nausea; diarrhea; vomiting; gastrointestinal effects; pancreatitis and gallbladder warnings,Usually starts at 2.5 mg once weekly with gradual increases; maximum labeled dose 15 mg weekly,About 5 days half-life,Adults who meet the approved indication and clinical criteria,Prescription medicine; use only as directed,DailyMed,https://dailymed.nlm.nih.gov/dailymed/search.cfm?query=Zepbound%20tirzepatide
RITUXIMAB,rituximab,Certain B-cell cancers; rheumatoid arthritis; granulomatosis with polyangiitis; microscopic polyangiitis; pemphigus vulgaris,Depletes CD20-positive B cells,Infusion reactions; serious infections; hepatitis B reactivation; rare PML,IV dosing varies substantially by indication,Half-life varies by regimen and indication and can range from days to weeks,Patients with approved indications under specialist care,Infection screening and monitoring are important,DailyMed,https://dailymed.nlm.nih.gov/dailymed/search.cfm?query=rituximab
VEDOLIZUMAB,vedolizumab,Moderate-to-severe ulcerative colitis and Crohn's disease,Gut-selective anti-integrin therapy that reduces intestinal inflammation,Infections; headache; nausea; arthralgia; infusion reactions,"IV infusion commonly at weeks 0, 2 and 6, then every 8 weeks for many adults",About 25 days terminal half-life,Patients with labeled inflammatory bowel disease indications,Monitor for infection and hypersensitivity,DailyMed,https://dailymed.nlm.nih.gov/dailymed/search.cfm?query=vedolizumab
ACTEMRA,tocilizumab,Rheumatoid arthritis; giant cell arteritis; systemic sclerosis-associated ILD; selected juvenile arthritis; CRS and other labeled uses,IL-6 receptor blocker that reduces inflammatory activity,Serious infections; liver abnormalities; low blood counts; lipid changes; gastrointestinal perforation risk,"Dose varies by indication, body weight and route","Half-life is concentration-, route- and indication-dependent; several days to weeks",Patients meeting the approved indication and age criteria,TB/infection screening and laboratory monitoring are important,DailyMed,https://dailymed.nlm.nih.gov/dailymed/search.cfm?query=ACTEMRA%20tocilizumab
ACETAMINOPHEN,acetaminophen (paracetamol),Temporary relief of minor aches and pains and reduction of fever,Pain-relieving and fever-reducing effect,Liver injury with overdose or excessive total daily intake; severe skin reactions are rare,"Dose depends on product, age and weight; follow the product maximum",About 2–3 hours in healthy adults,Adults and children when the specific product label permits,Avoid duplicate acetaminophen-containing medicines and excess dosing,DailyMed,https://dailymed.nlm.nih.gov/dailymed/search.cfm?query=acetaminophen
SULFASALAZINE,sulfasalazine,Ulcerative colitis and rheumatoid arthritis; selected juvenile arthritis uses,Reduces inflammation and disease activity,Nausea; headache; rash; blood-count abnormalities; liver injury; hypersensitivity,Oral dose is indication-specific and commonly increased gradually,Parent drug and metabolites have different elimination times,Patients with labeled inflammatory conditions,Blood counts and liver monitoring may be required,DailyMed,https://dailymed.nlm.nih.gov/dailymed/search.cfm?query=sulfasalazine
FOLIC ACID,folic acid,Treatment or prevention of folate deficiency and certain megaloblastic anemias,Restores folate needed for normal cell production,Usually well tolerated; rare hypersensitivity,Dose depends on the reason for treatment and formulation,"Plasma elimination is relatively short, while body folate stores turn over more slowly",People with an appropriate indication for folate supplementation,Cause of deficiency should be assessed because folate can mask some B12 deficiency,DailyMed,https://dailymed.nlm.nih.gov/dailymed/search.cfm?query=folic%20acid
ASPIRIN,aspirin,Pain and fever relief; some prescription regimens use it for antiplatelet treatment,"Analgesic, antipyretic, anti-inflammatory and antiplatelet effects",Stomach bleeding; ulcers; allergic reactions; increased bleeding risk,Dose depends strongly on indication and formulation,"Aspirin has a short plasma half-life, but platelet inhibition lasts for the life of affected platelets","Use depends on age, indication and clinician/product labeling",Children and teenagers with viral illness should not use aspirin unless specifically directed,DailyMed,https://dailymed.nlm.nih.gov/dailymed/search.cfm?query=aspirin
ELIGARD,leuprolide acetate,Palliative treatment of advanced prostate cancer,Suppresses testosterone production in androgen-dependent prostate cancer,Hot flashes; injection-site reactions; metabolic/cardiovascular effects; initial tumor-flare effects,"Depot subcutaneous formulations are given at intervals such as 1, 3, 4 or 6 months depending on strength",Depot exposure lasts weeks to months; simple plasma half-life does not describe the depot effect,Adults with advanced prostate cancer for the labeled indication,Tumor flare and metabolic/cardiovascular effects require clinical monitoring,DailyMed,https://dailymed.nlm.nih.gov/dailymed/search.cfm?query=ELIGARD%20leuprolide
ORENCIA,abatacept,Rheumatoid arthritis; psoriatic arthritis; polyarticular juvenile idiopathic arthritis and selected prophylaxis uses,Modulates T-cell co-stimulation to reduce immune-mediated inflammation,Infections; headache; nausea; infusion/injection reactions; hypersensitivity,IV weight-based or subcutaneous dosing varies by indication and age,About 13 days terminal half-life,Patients meeting the approved indication and age criteria,Monitor for infection; combination with other biologic immune therapies may increase risk,DailyMed,https://dailymed.nlm.nih.gov/dailymed/search.cfm?query=ORENCIA%20abatacept
HUMIRA,adalimumab,Rheumatoid arthritis; psoriasis; inflammatory bowel disease and multiple other inflammatory diseases,TNF-alpha blocker that reduces inflammation,Serious infections; TB; hepatitis B reactivation; injection-site reactions; malignancy warnings,Subcutaneous dosing varies by indication; many adult regimens use 40 mg every other week,About 2 weeks terminal half-life,Patients meeting an approved indication and eligibility criteria,Screen for infection/TB and follow indication-specific dosing,DailyMed,https://dailymed.nlm.nih.gov/dailymed/search.cfm?query=HUMIRA%20adalimumab
ALBUTEROL SULFATE,albuterol sulfate,Relief or prevention of bronchospasm in asthma and reversible obstructive airway disease,Relaxes airway smooth muscle and improves airflow,Tremor; nervousness; headache; fast heartbeat; low potassium,Dose depends on inhaler/nebulizer formulation and patient age,Systemic plasma half-life is roughly 3.8 hours for albuterol,Patients with an appropriate labeled airway indication,Use prescribed inhaler technique and frequency; frequent rescue use needs clinical review,DailyMed,https://dailymed.nlm.nih.gov/dailymed/search.cfm?query=albuterol%20sulfate
OMALIZUMAB,omalizumab,Allergic asthma; chronic rhinosinusitis with nasal polyps; chronic spontaneous urticaria; food allergy in labeled patients,Binds IgE and reduces IgE-mediated allergic inflammation,Anaphylaxis; injection-site reactions; headache and hypersensitivity,"Subcutaneous dose depends on indication, body weight and other factors",About 26 days half-life,Patients meeting the specific approved indication and dosing criteria,Administration and observation must follow prescribing guidance because of anaphylaxis risk,DailyMed,https://dailymed.nlm.nih.gov/dailymed/search.cfm?query=omalizumab
CETIRIZINE HYDROCHLORIDE,cetirizine hydrochloride,Allergic rhinitis symptoms and chronic urticaria,"Antihistamine that reduces sneezing, itching, runny nose and hives",Drowsiness or fatigue; dry mouth and other effects can occur,Typical adult OTC dose is 10 mg once daily; age and kidney function can change dosing,About 8–9 hours in adults; longer with kidney impairment,Adults and children when the specific product label permits,Kidney impairment may require dose adjustment; drowsiness can affect alertness,DailyMed,https://dailymed.nlm.nih.gov/dailymed/search.cfm?query=cetirizine%20hydrochloride
DEXAMETHASONE,dexamethasone,"Many corticosteroid-responsive inflammatory, allergic and other conditions",Potent anti-inflammatory and immunosuppressive corticosteroid,Infection risk; increased blood glucose; mood changes; osteoporosis; adrenal suppression,Dose varies greatly by disease and route,Biological half-life is about 36–54 hours,Patients with a clinician-diagnosed condition for which corticosteroid therapy is appropriate,Longer courses require monitoring and should not be stopped abruptly without medical advice,DailyMed,https://dailymed.nlm.nih.gov/dailymed/search.cfm?query=dexamethasone
VITAMIN D3,cholecalciferol,"Vitamin D supplementation and prevention or treatment of vitamin D deficiency, depending on the product and clinical need","Supports calcium absorption, bone mineralization and normal muscle and immune function","Excessive intake can cause vitamin D toxicity and high blood calcium, which may lead to nausea, weakness, thirst, frequent urination and kidney problems","Dose depends on age, vitamin D status, indication and product strength; follow the specific product label or clinician's advice","25-hydroxyvitamin D, the main blood marker of vitamin D status, has a circulating half-life of about 15 days","People who need vitamin D according to age, nutritional status or medical advice; the appropriate dose depends on the individual and product",Do not exceed the recommended amount; people with certain medical conditions or taking interacting medicines may need medical supervision,NIH Office of Dietary Supplements; DailyMed,https://ods.od.nih.gov/factsheets/VITAMIND-HealthProfessional/
RAMIPRIL,ramipril,"Treatment of hypertension; reduction in the risk of myocardial infarction, stroke, or cardiovascular death in certain high-risk patients; and treatment of stable heart failure after myocardial infarction","Lowers blood pressure and, in appropriate labeled patients, can reduce certain cardiovascular risks and heart-failure-related outcomes","Cough, dizziness, low blood pressure, increased potassium, changes in kidney function, and angioedema can occur; fetal toxicity is an important warning","For hypertension, the labeled initial dose is 2.5 mg to 20 mg once daily, adjusted according to blood-pressure response. Other indications use different dosing schedules.","Ramipril is converted to the active metabolite ramiprilat. Ramiprilat has an apparent elimination half-life of about 9 to 18 hours, with a prolonged terminal phase of more than 50 hours",Patients with an approved indication who are evaluated and treated under appropriate medical supervision,"Ramipril can cause fetal injury during pregnancy. Blood pressure, kidney function, and potassium may require monitoring; dose adjustments may be needed in some patients",DailyMed,https://www.dailymed.nlm.nih.gov/dailymed/drugInfo.cfm?setid=fcf42121-8e85-4eae-82b4-bc029653b462
PANTOPRAZOLE,pantoprazole,"Treatment of erosive esophagitis associated with GERD, maintenance of healing of erosive esophagitis, and pathological hypersecretory conditions including Zollinger-Ellison syndrome",Reduces stomach acid production and helps heal or control acid-related conditions covered by the approved labeling,"Headache, diarrhea, nausea and abdominal discomfort can occur; longer-term PPI therapy has additional risks described in the prescribing information","For adults with erosive esophagitis associated with GERD, a current delayed-release tablet label recommends 40 mg once daily for up to 8 weeks; other conditions use different regimens",The terminal elimination half-life of pantoprazole is approximately 1 hour,"Adults and, for certain labeled uses, pediatric patients 5 years and older who meet the approved indication and dosing criteria",Use according to the specific prescription and formulation; check contraindications and important drug interactions in the prescribing information,DailyMed,https://dailymed.nlm.nih.gov/dailymed/search.cfm?query=pantoprazole
LEFLUNOMIDE,leflunomide,Treatment of active rheumatoid arthritis in adults,Helps reduce the signs and symptoms of rheumatoid arthritis and can improve physical function,"Liver injury, diarrhea, nausea, rash, hair loss, high blood pressure, low blood-cell counts, infections and other serious adverse effects can occur","Recommended maintenance dose is 20 mg once daily. In selected patients at low risk for hepatotoxicity and myelosuppression, treatment may include 100 mg once daily for 3 days as a loading dose before 20 mg once daily","Leflunomide is converted to the active metabolite teriflunomide, which has a median half-life of about 18–19 days. Without an accelerated elimination procedure, it may take up to 2 years for levels to fall below a specified threshold",Adults with active rheumatoid arthritis who meet the approved indication and are treated under medical supervision,"Contraindicated in pregnancy and severe hepatic impairment. Liver function, blood pressure and blood counts should be monitored. An accelerated drug-elimination procedure may be required in certain situations",DailyMed,https://www.dailymed.nlm.nih.gov/dailymed/drugInfo.cfm?setid=006b5bf4-97c0-48dc-8e5e-3c6f64d7bdc1
ENBREL,etanercept,"Rheumatoid arthritis, psoriatic arthritis, ankylosing spondylitis, plaque psoriasis, and certain pediatric inflammatory conditions covered by the approved labeling",Blocks tumor necrosis factor (TNF) and reduces signs and symptoms of approved inflammatory diseases,"Serious infections, injection-site reactions, tuberculosis, hepatitis B reactivation, allergic reactions and other serious risks described in the prescribing information","For adults with rheumatoid arthritis, psoriatic arthritis, or ankylosing spondylitis, 50 mg once weekly is a labeled regimen. Adult plaque psoriasis uses 50 mg twice weekly for 3 months, then 50 mg once weekly. Pediatric dosing depends on weight and indication",The mean serum elimination half-life is approximately 102 hours (about 4.25 days) after a 25 mg subcutaneous dose,Patients who meet an approved indication and applicable age criteria under medical supervision,"Screening for tuberculosis and monitoring for infections are important. Live vaccines should generally be avoided during treatment, and certain combinations with other immune therapies may increase risk",DailyMed,https://dailymed.nlm.nih.gov/dailymed/drugInfo.cfm?setid=a002b40c-097d-47a5-957f-7a7b1807af7f
DICLOFENAC SODIUM,diclofenac sodium,"Relief of pain and inflammation in appropriate conditions, depending on the formulation",Helps reduce pain and inflammation,"Stomach irritation, ulcers, gastrointestinal bleeding, cardiovascular risks, kidney problems and allergic reactions can occur","Dose depends on the formulation, condition and patient; follow the specific product or prescription instructions",Elimination time depends on the formulation and route of administration,Patients with an appropriate indication and formulation under medical guidance,Use according to the specific product directions and medical advice; NSAID warnings and contraindications apply,DailyMed,https://dailymed.nlm.nih.gov/dailymed/search.cfm?query=diclofenac%20sodium
COSENTYX,secukinumab,"Moderate to severe plaque psoriasis, active psoriatic arthritis, active ankylosing spondylitis, active non-radiographic axial spondyloarthritis, enthesitis-related arthritis, and moderate to severe hidradenitis suppurativa in patients who meet the approved criteria",Reduces inflammation by blocking interleukin-17A and can improve symptoms and disease activity in approved inflammatory conditions,"Nasopharyngitis, diarrhea, upper respiratory tract infections, injection-site reactions, hypersensitivity reactions, and increased risk of infections can occur","Dose depends on the indication, age, body weight, and route. For adult plaque psoriasis, a labeled regimen is 300 mg by subcutaneous injection at Weeks 0, 1, 2, 3, and 4, then every 4 weeks",Secukinumab has a mean elimination half-life of approximately 22 to 31 days,Patients who meet an approved indication and applicable age and clinical criteria under healthcare-provider supervision,Evaluate patients for tuberculosis before starting treatment. Avoid live vaccines during treatment. Use caution in patients with inflammatory bowel disease and monitor for serious infections and hypersensitivity reactions,DailyMed,https://dailymed.nlm.nih.gov/dailymed/search.cfm?query=COSENTYX
CIMZIA,certolizumab pegol,"Crohn's disease, rheumatoid arthritis, psoriatic arthritis, ankylosing spondylitis, non-radiographic axial spondyloarthritis, plaque psoriasis, and polyarticular juvenile idiopathic arthritis in patients who meet the approved criteria",Reduces inflammatory activity by blocking tumor necrosis factor (TNF),"Serious infections including tuberculosis, injection-site reactions, hypersensitivity reactions, and other serious risks described in the prescribing information","Administered by subcutaneous injection. Dose depends on the condition; for adults with rheumatoid arthritis, the labeled regimen is 400 mg initially at Weeks 0, 2 and 4, followed by 200 mg every other week, with 400 mg every 4 weeks as a possible maintenance regimen",Terminal elimination half-life is approximately 14 days,Patients who meet an approved indication and applicable age and clinical criteria under healthcare-provider supervision,Patients should be evaluated for tuberculosis and monitored for infections. CIMZIA should not be started during an active serious infection. Hypersensitivity and heart-failure warnings also apply,DailyMed,https://www.dailymed.nlm.nih.gov/dailymed/fda/fdaDrugXsl.cfm?setid=b4c2c9dc-a0bb-4d64-a667-a67ebe88392d&type=display
ADALIMUMAB,adalimumab,"Rheumatoid arthritis, psoriatic arthritis, ankylosing spondylitis, Crohn's disease, ulcerative colitis, plaque psoriasis, hidradenitis suppurativa, and certain uveitis and juvenile idiopathic arthritis indications covered by the approved labeling",Blocks tumor necrosis factor (TNF) and reduces inflammatory activity in approved conditions,"Serious infections including tuberculosis, injection-site reactions, allergic reactions, hepatitis B reactivation, and other serious risks described in the prescribing information","Subcutaneous injection. For adult rheumatoid arthritis, psoriatic arthritis, and ankylosing spondylitis, a labeled regimen is 40 mg every other week. Other conditions use different indication-specific dosing schedules","Mean terminal half-life is approximately 2 weeks, with reported values ranging from about 10 to 20 days",Patients who meet an approved indication and applicable age and clinical criteria under healthcare-provider supervision,"Patients should be evaluated for tuberculosis before treatment and monitored for serious infections. Follow the prescribing information for contraindications, vaccination guidance, and other warnings",DailyMed,https://www.dailymed.nlm.nih.gov/dailymed/drugInfo.cfm?setid=608d4f0d-b19f-46d3-749a-7159aa5f933d
