drugname,reaction,a,b,c,d,ROR,ROR_95CI_lower,ROR_95CI_upper
DUPIXENT,Pruritus,10039,21846,3333,53438,7.367724990021661,7.063095263563348,7.685493328770932
ORENCIA,Arthralgia,1802,2218,8420,76216,7.35406231459726,6.883608338344598,7.856669041688325
ACTEMRA,Pain,1170,1701,7578,78207,7.098597862651703,6.565365099842534,7.675139287661533
SULFASALAZINE,Vomiting,852,2084,4725,80995,7.0080675136337325,6.437459572188514,7.629253391792836
ENBREL,Pain,1133,1703,7615,78205,6.832503684934354,6.315146277663713,7.392244700610785
LEFLUNOMIDE,Vomiting,749,1919,4828,81160,6.561174976783424,6.000682133660403,7.174020572509338
SULFASALAZINE,Pain,1135,1801,7613,78107,6.465710812177044,5.9810319259350315,6.989666135274404
DICLOFENAC SODIUM,Vomiting,726,1882,4851,81197,6.456924533894323,5.89883238816234,7.067818119408316
LEFLUNOMIDE,Malaise,710,1958,4741,81247,6.214168709316227,5.675229802751546,6.804287066776149
SULFASALAZINE,Pyrexia,733,2203,4477,81243,6.037933631834511,5.5247370440010535,6.598801400335267
ACTEMRA,Nasopharyngitis,778,2093,5062,80723,5.927690521904872,5.433442861145388,6.466896923633747
ACTEMRA,Asthenia,633,2238,3967,81818,5.833514564865232,5.311144402898512,6.407261711792899
DICLOFENAC SODIUM,Pain,957,1651,7791,78257,5.822303701773957,5.358750689557656,6.325955872839639
ACTEMRA,Vomiting,740,2131,4837,80948,5.811367036531228,5.319057398332989,6.3492427894961265
RAMIPRIL,Asthenia,664,2372,3936,81684,5.809453790153416,5.299866322860377,6.368038603983674
LEFLUNOMIDE,Asthenia,590,2078,4010,81978,5.80442781400685,5.269046341169668,6.394208755533023
LEFLUNOMIDE,Pain,974,1694,7774,78214,5.784762212551814,5.328326836826789,6.280296776182008
RAMIPRIL,Vomiting,763,2273,4814,80806,5.634593960897521,5.16505839370047,6.146813198260228
ADALIMUMAB,Vomiting,787,2372,4790,80707,5.590308030009118,5.13099404254721,6.090738677776762
DICLOFENAC SODIUM,Asthenia,559,2049,4041,82007,5.536456904817374,5.0160351654019015,6.110873239152023
ACTEMRA,Pyrexia,677,2194,4533,81252,5.530958326269768,5.048777827642445,6.05918918425011
COSENTYX,Malaise,889,2846,4562,80359,5.502323342051097,5.0742086124592305,5.9665584276810435
SULFASALAZINE,Nasopharyngitis,755,2181,5085,80635,5.489387879681364,5.02958210399361,5.991229225518763
SULFASALAZINE,Asthenia,616,2320,3984,81736,5.447368785486774,4.956869696644191,5.986404424789476
SULFASALAZINE,Condition aggravated,1089,1847,8545,77175,5.325072872904776,4.924780542464068,5.757901465302342
DICLOFENAC SODIUM,Malaise,625,1983,4826,81222,5.304490364534515,4.82625172472334,5.830118201937026
DICLOFENAC SODIUM,Nasopharyngitis,661,1947,5179,80869,5.301169245281877,4.83233926563028,5.815484762628117
ORENCIA,Pain,1353,2667,7395,77241,5.298884951754256,4.942453797278099,5.681020578764111
DICLOFENAC SODIUM,Dizziness,605,2003,4693,81355,5.2361022710553815,4.758860066936358,5.761204701822972
ENBREL,Vomiting,678,2158,4899,80921,5.189578134479602,4.738258060923678,5.68388653964928
ADALIMUMAB,Malaise,733,2426,4718,80779,5.173133833100295,4.738911456778086,5.6471436318756565
ACTEMRA,Headache,927,1944,7242,78543,5.171689450428058,4.765241323333762,5.612805303416851
ACTEMRA,Arthralgia,1090,1781,9132,76653,5.137192411356256,4.749649559911545,5.556356429754745
HUMIRA,Pain,1549,3225,7199,76683,5.116213039924796,4.7931335161509105,5.4610696283955535
SULFASALAZINE,Malaise,679,2257,4772,80948,5.103215441129228,4.661088809878466,5.587279904082932
DICLOFENAC SODIUM,Headache,826,1782,7343,78705,4.968223705115983,4.559274821749403,5.413853682679602
RAMIPRIL,Dizziness,671,2365,4627,80993,4.966373309342032,4.53572881001715,5.437905324778812
ACTEMRA,Dizziness,637,2234,4661,81124,4.962797068265078,4.522727107271566,5.44568667456893
DICLOFENAC SODIUM,Pyrexia,574,2034,4636,81412,4.9557106412726535,4.496468904050867,5.461856510983043
LEFLUNOMIDE,Nasopharyngitis,644,2024,5196,80792,4.947372104415984,4.507985959358585,5.429584510737042
ACTEMRA,Malaise,649,2222,4802,80983,4.925749790722512,4.492031178361703,5.401345190496179
LEFLUNOMIDE,Arthralgia,990,1678,9232,76756,4.905234526536708,4.521489532109067,5.321548482962936
SULFASALAZINE,Dizziness,640,2296,4658,81062,4.850940198048242,4.422558013739528,5.32081676078297
LEFLUNOMIDE,Headache,831,1837,7338,78650,4.848561258513227,4.45185657896041,5.280616268874738
COSENTYX,Pain,1198,2537,7550,77371,4.83913356496044,4.499995274069827,5.203830722770526
ADALIMUMAB,Pyrexia,673,2486,4537,80960,4.83076220885892,4.413817513539177,5.287092963620863
ENBREL,Pyrexia,607,2229,4603,81217,4.804902628993302,4.371542775100226,5.281222319408148
SULFASALAZINE,Fatigue,1115,1821,9738,75982,4.77755694528892,4.421457310838796,5.162336478862948
ENBREL,Malaise,628,2208,4823,80997,4.776527102921689,4.351125703359603,5.243519199486541
COSENTYX,Vomiting,820,2915,4757,80164,4.7404712960696,4.363707607774733,5.149764862526937
ACTEMRA,Fatigue,1083,1788,9770,76015,4.7126553344370175,4.357492337437065,5.096766346641555
COSENTYX,Nasopharyngitis,845,2890,4995,79926,4.678551908309694,4.3110423635360045,5.077391060660931
SULFASALAZINE,Rash,1036,1900,8950,76770,4.67707850632167,4.322676317899905,5.06053697884179
ENBREL,Asthenia,535,2301,4065,81755,4.676176944298778,4.234534413768022,5.163880766512378
LEFLUNOMIDE,Condition aggravated,921,1747,8713,77275,4.675607266537031,4.303934797387256,5.0793760454189485
SULFASALAZINE,Arthralgia,1050,1886,9172,76548,4.6464087529060505,4.295550292402354,5.0259251619675265
ACTEMRA,Rash,1007,1864,8979,76806,4.621157163567638,4.26710258233027,5.004588738696423
ADALIMUMAB,Asthenia,585,2574,4015,81482,4.612362730669082,4.193514214335545,5.073045868436614
LEFLUNOMIDE,Pyrexia,555,2113,4655,81333,4.589238121332674,4.160649931983235,5.061975142968579
RAMIPRIL,Nausea,879,2157,6983,78637,4.589058824958767,4.227091329101396,4.982021740090675
LEFLUNOMIDE,Dizziness,561,2107,4737,81251,4.56692264663793,4.142177170625745,5.0352222035021335
LEFLUNOMIDE,Rash,932,1736,9054,76934,4.561881654262851,4.200562191640218,4.954280707691144
ENBREL,Nasopharyngitis,642,2194,5198,80622,4.5385350862455685,4.138330861961809,4.977441731016471
RITUXIMAB,Off label use,3301,3424,14423,67508,4.512439648899312,4.287739548175269,4.748915216556013
RAMIPRIL,Malaise,641,2395,4810,80810,4.4964787173555445,4.101721928511837,4.929227580029264
ACETAMINOPHEN,Vomiting,2008,9265,3569,73814,4.48239863657746,4.226477041366661,4.753816793642068
COSENTYX,Asthenia,666,3069,3934,80987,4.467435560651035,4.084204541663815,4.886626094499906
DICLOFENAC SODIUM,Fatigue,955,1653,9898,76150,4.444807697925984,4.0933523172854365,4.826439050485582
ENBREL,Rash,967,1869,9019,76801,4.405808948245577,4.064439767562757,4.7758494647543275
ADALIMUMAB,Dizziness,635,2524,4663,80834,4.361270554552768,3.978388088938689,4.781001859243737
SULFASALAZINE,Headache,847,2089,7322,78398,4.34130431002053,3.9941035158118194,4.71868669341989
LEFLUNOMIDE,Fatigue,962,1706,9891,76097,4.33833794218648,3.9977644974999618,4.7079251697754625
DICLOFENAC SODIUM,Rash,882,1726,9104,76944,4.318871716963956,3.9709724190761486,4.697250682977736
LEFLUNOMIDE,Nausea,746,1922,7116,78872,4.302019338811747,3.939779750091597,4.697564728353147
ENBREL,Arthralgia,968,1868,9254,76566,4.287508058324452,3.955640349544074,4.647218585561221
ADALIMUMAB,Nasopharyngitis,675,2484,5165,80332,4.226398417441811,3.864156069637267,4.622598896382417
ENBREL,Fatigue,1003,1833,9850,75970,4.220310107144538,3.896654425844929,4.570848593176004
LEFLUNOMIDE,Diarrhoea,716,1952,6892,79096,4.2096158054479895,3.850751305648692,4.601924098157851
RITUXIMAB,Pneumonia,1448,5277,5043,76888,4.183608760753784,3.921297859209798,4.463466661158674
DICLOFENAC SODIUM,Nausea,713,1895,7149,78899,4.152470131623479,3.797161568055048,4.5410256806262765
ADALIMUMAB,Headache,879,2280,7290,78207,4.135919969677279,3.8124660625638556,4.486816069930274
ACETAMINOPHEN,Pyrexia,1803,9470,3407,73976,4.133942758387059,3.8894745415362397,4.3937767292522025
DICLOFENAC SODIUM,Diarrhoea,689,1919,6919,79129,4.106166863025521,3.7510642692956804,4.494886010090861
RAMIPRIL,Nasopharyngitis,634,2402,5206,80414,4.07702858707512,3.719076547456556,4.4694326367644965
SULFASALAZINE,Pneumonia,671,2265,5820,79900,4.067036860032013,3.7163851900859703,4.450773527185544
SULFASALAZINE,Nausea,784,2152,7078,78642,4.047788266905885,3.716814055860934,4.408235011881902
ENBREL,Headache,778,2058,7391,78429,4.0115083627435935,3.6814251713611448,4.3711874057763245
ACETAMINOPHEN,Headache,2653,8620,5516,71867,4.009915701885593,3.808953311930983,4.221480973752607
ENBREL,Condition aggravated,886,1950,8748,77072,4.003012673959176,3.6862729068087505,4.346968027863692
LEFLUNOMIDE,Pneumonia,606,2062,5885,80103,4.000242112194033,3.64005532440177,4.396069710506513
RAMIPRIL,Pain,875,2161,7873,77747,3.998496081329984,3.684119218528923,4.339699657926725
RITUXIMAB,Vomiting,1229,5496,4348,77583,3.990085412959028,3.7241389193998593,4.27502355504881
ACTEMRA,Nausea,758,2113,7104,78681,3.9731652351594375,3.644068164516722,4.3319831773709705
ACTEMRA,Condition aggravated,890,1981,8744,77041,3.95837826691169,3.646280045331104,4.297190097623448
ADALIMUMAB,Pain,900,2259,7848,77649,3.9418777489430656,3.636366812438851,4.273056319417651
ACTEMRA,Diarrhoea,733,2138,6875,78910,3.9350985628029593,3.605639132206134,4.294661814783255
RAMIPRIL,Headache,815,2221,7354,78266,3.905337424296989,3.591572182004756,4.246513678336102
ACETAMINOPHEN,Nausea,2520,8753,5342,72041,3.8825714908121776,3.6847139758510354,4.091053330071803
ADALIMUMAB,Diarrhoea,794,2365,6814,78683,3.876753059706077,3.5639998882251835,4.216951390934175
SULFASALAZINE,Diarrhoea,738,2198,6870,78850,3.853662122374052,3.5327243157518144,4.203756202317769
FOLIC ACID,Vomiting,1121,5113,4456,77966,3.836099747150661,3.571959154285855,4.119773108948521
HUMIRA,Pyrexia,829,3945,4381,79501,3.813351698152727,3.5172572818076984,4.13437232727274
RAMIPRIL,Pyrexia,545,2491,4665,80955,3.796774497515816,3.4448465159087123,4.184655693196778
RAMIPRIL,Pneumonia,658,2378,5833,79787,3.784898197474795,3.4579758375627865,4.142728300653674
ENBREL,Dizziness,515,2321,4783,81037,3.7593699248820616,3.4022118850920195,4.1540217686134815
SULFASALAZINE,Off label use,1371,1565,16353,69367,3.716024670561957,3.449316269402549,4.0033555272149375
RITUXIMAB,Pyrexia,1101,5624,4109,77822,3.7077313027954113,3.4508171177563995,3.983772812239599
HUMIRA,Malaise,840,3934,4611,79271,3.6708289244889407,3.387937088582171,3.9773421526265187
ACTEMRA,Drug ineffective,1127,1744,12889,72896,3.6547856396998792,3.383200509130145,3.9481721630477025
ACTEMRA,Pneumonia,605,2266,5886,79899,3.624236711103194,3.300667110026887,3.9795263503568226
SULFASALAZINE,Drug ineffective,1145,1791,12871,72849,3.6184385788263302,3.351972828274714,3.9060870775249787
ORENCIA,Vomiting,724,3296,4853,79783,3.6111991081484978,3.315251273584958,3.933565791105431
ACETAMINOPHEN,Malaise,1734,9539,3717,73666,3.602639214182193,3.389923698467063,3.82870249068805
ADALIMUMAB,Nausea,775,2384,7087,78410,3.596702133502784,3.30489365319049,3.914276099218812
ACTEMRA,Off label use,1318,1553,16406,69379,3.588965496344803,3.3284677846496273,3.8698506842569262
RAMIPRIL,Fatigue,961,2075,9892,75728,3.545501439644547,3.2752131350604556,3.8380953971990945
FOLIC ACID,Pain,1569,4665,7179,75243,3.5251162621956054,3.312819943854697,3.751017221762098
DICLOFENAC SODIUM,Arthralgia,789,1819,9433,76615,3.522964570533528,3.2318587449677847,3.8402914064730265
DICLOFENAC SODIUM,Condition aggravated,751,1857,8883,77165,3.5130855977222226,3.2185709692674442,3.834549722460316
ADALIMUMAB,Condition aggravated,899,2260,8735,76762,3.495703785503341,3.2256769684175355,3.788334999327999
DICLOFENAC SODIUM,Pneumonia,533,2075,5958,80090,3.452923071945385,3.1282408768399907,3.8113042473943097
FOLIC ACID,Asthenia,874,5360,3726,78696,3.4439469320066336,3.1833338816593355,3.7258958410907854
ADALIMUMAB,Fatigue,979,2180,9874,75623,3.4394339782172807,3.1804977761969306,3.719451143481346
ACETAMINOPHEN,Asthenia,1431,9842,3169,74214,3.4050216199159085,3.187959418284787,3.636863181380381
ENBREL,Drug ineffective,1067,1769,12949,72871,3.39433799100799,3.138890695456046,3.670573943170138
ADALIMUMAB,Rash,906,2253,9080,76417,3.384317825865073,3.12375550753857,3.6666144705714205
COSENTYX,Pneumonia,735,3000,5756,79165,3.3696012856150106,3.0950541415491206,3.6685021666003497
CIMZIA,Pain,1170,3507,7578,76401,3.363524054707009,3.135323045289797,3.6083344214206776
ENBREL,Diarrhoea,649,2187,6959,78861,3.362879897561871,3.070443672099219,3.6831684320376943
ACETAMINOPHEN,Pneumonia,1949,9324,4542,72841,3.35226500797835,3.165626285193115,3.5499075605605
FOLIC ACID,Pyrexia,960,5274,4250,78172,3.3480612996051664,3.104941882399445,3.610217160409882
ADALIMUMAB,Off label use,1394,1765,16330,69167,3.345267248273481,3.112030063477522,3.595984850437503
RITUXIMAB,Malaise,1068,5657,4383,77548,3.340290242673908,3.107852791610334,3.5901117760218098
RAMIPRIL,Diarrhoea,689,2347,6919,78701,3.3392047721479536,3.056657198996135,3.64787013538765
LEFLUNOMIDE,Drug ineffective,996,1672,13020,72968,3.3384472912486496,3.0798125807870345,3.618801477068233
COSENTYX,Pyrexia,595,3140,4615,80306,3.297339056386334,3.0059529734434203,3.616971040074511
ORENCIA,Nasopharyngitis,701,3319,5139,79497,3.267253920404148,2.997360775008787,3.5614492153901574
ADALIMUMAB,Drug ineffective,1153,2006,12863,72634,3.24560804099402,3.011625767993572,3.4977691012330063
HUMIRA,Vomiting,782,3992,4795,79087,3.230968401871522,2.9765897190897936,3.507086229231616
COSENTYX,Arthralgia,1050,2685,9172,75749,3.2296678986568303,2.9976262133592937,3.479671577839983
ADALIMUMAB,Pneumonia,608,2551,5883,79614,3.225401003615984,2.940922022773951,3.5373979838861658
ENBREL,Nausea,646,2190,7216,78604,3.2131908797294697,2.93368164828311,3.519330611628889
ADALIMUMAB,Arthralgia,892,2267,9330,76167,3.2121701414252017,2.9640333734728466,3.4810799061193913
COSENTYX,Dizziness,592,3143,4706,80215,3.210561479520123,2.9265987555402058,3.5220766065950837
LEFLUNOMIDE,Off label use,1156,1512,16568,69420,3.203469300161719,2.9618238095501823,3.464829853818063
ENBREL,Pneumonia,546,2290,5945,79875,3.203436890565261,2.907317314731851,3.5297171931784534
CIMZIA,Product dose omission issue,1008,3669,6656,77323,3.191598135102837,2.963766688363932,3.4369435003046678
FOLIC ACID,Dizziness,940,5294,4358,78064,3.180588552368116,2.9484585595592283,3.4309939702755714
ORENCIA,Malaise,633,3387,4818,79818,3.096154037064286,2.830481628834226,3.3867627768980353
FOLIC ACID,Malaise,937,5297,4514,77908,3.053023300320719,2.830534076566977,3.2930009037750794
RITUXIMAB,Asthenia,857,5868,3743,78188,3.050780725702748,2.8195476933848376,3.300977336952266
PREDNISONE,Off label use,6329,10938,11395,59994,3.046426228939996,2.936151277032321,3.1608428492669263
VITAMIN D3,Fatigue,2135,5794,8718,72009,3.0436121117296038,2.882541711518237,3.2136827889258908
ORENCIA,Pyrexia,599,3421,4611,80025,3.0388153311562385,2.7724214544443164,3.330806217094823
HUMIRA,Nasopharyngitis,778,3996,5062,78820,3.0315756293630653,2.793198752737401,3.290296040531024
COSENTYX,Headache,832,2903,7337,77584,3.0306092060912206,2.7956256695347665,3.2853440502187516
DICLOFENAC SODIUM,Off label use,1095,1513,16629,69419,3.0212552013286973,2.790128476648781,3.271527841083259
PANTOPRAZOLE,Asthenia,710,4802,3890,79254,3.0123663126653524,2.766542010963016,3.2800336180408576
SULFASALAZINE,Dyspnoea,683,2253,7844,77876,3.0097163213511227,2.754234860282956,3.28889611617098
RAMIPRIL,Condition aggravated,782,2254,8852,76768,3.008788513145882,2.7656360854274453,3.273318700366698
COSENTYX,Diarrhoea,778,2957,6830,78091,3.0082127873854185,2.7692870136533925,3.2677523599299176
HUMIRA,Arthralgia,1261,3513,8961,74921,3.001124587289457,2.8039148343641425,3.2122048351999317
COSENTYX,Condition aggravated,950,2785,8684,76237,2.9946383989375205,2.772940478694796,3.234061174155525
LEFLUNOMIDE,Dyspnoea,620,2048,7907,78081,2.989478023823827,2.7246094679991852,3.280095353074023
ACETAMINOPHEN,Nasopharyngitis,1648,9625,4192,73191,2.9894608902547835,2.8130600678365374,3.176923421061562
FOLIC ACID,Nasopharyngitis,978,5256,4862,77560,2.9682901036648013,2.756147038097575,3.196762007877488
METHOTREXATE,Vomiting,1220,7172,4357,75907,2.9635606349687493,2.768884041553969,3.171924683493537
METHOTREXATE,Pain,1832,6560,6916,73348,2.961794495619913,2.796681067309959,3.1366560659425304
METHOTREXATE,Pyrexia,1143,7249,4067,76197,2.9541451551459934,2.754703840111552,3.1680260761966865
DICLOFENAC SODIUM,Dyspnoea,601,2007,7926,78122,2.951524446169419,2.6866650735441837,3.242494437478839
PREDNISONE,Malaise,2137,15130,3314,68075,2.9013541262388607,2.740164971808269,3.072025170910864
FOLIC ACID,Diarrhoea,1211,5023,6397,76025,2.865240248149119,2.677588433930568,3.066043151210634
FOLIC ACID,Fatigue,1650,4584,9203,73219,2.863740795882062,2.696158440513944,3.0417393958627823
COSENTYX,Nausea,770,2965,7092,77829,2.849959910175967,2.6231728640554968,3.096353885368025
HUMIRA,Headache,999,3775,7170,76712,2.831344287733104,2.6298704365658496,3.048253010573036
DUPIXENT,Rash,5827,26058,4159,52612,2.828784276907871,2.7111707576614865,2.9514999978029075
RITUXIMAB,Pain,1453,5272,7295,74636,2.8197673172948816,2.6479878120385263,3.002690453308133
METHOTREXATE,Off label use,3218,5174,14506,65758,2.8194249466424486,2.6885407822012595,2.9566808442613066
ACETAMINOPHEN,Fatigue,2781,8492,8072,69311,2.811978623733548,2.678497850202863,2.9521113036307063
COSENTYX,Fatigue,1006,2729,9847,75074,2.8104771788131218,2.6066614617059636,3.030229313882556
ACETAMINOPHEN,Pain,2295,8978,6453,70930,2.809773961641241,2.666192656638169,2.9610874877555893
CIMZIA,Vomiting,691,3986,4886,79093,2.8062434135520165,2.575561416507769,3.0575866083527026
RAMIPRIL,Off label use,1218,1818,16506,69114,2.805288925839149,2.6037995161529426,3.0223701589218357
CIMZIA,Nasopharyngitis,717,3960,5123,78856,2.786983242536629,2.561366016479365,3.032473900335501
ORENCIA,Headache,840,3180,7329,77307,2.7862896685949075,2.572790427335837,3.017505831346648
ORENCIA,Asthenia,498,3522,4102,80534,2.776026486435752,2.514517924172751,3.064731803782279
ACTEMRA,Dyspnoea,630,2241,7897,77888,2.7727269722170944,2.5306217376459137,3.037994477045739
RAMIPRIL,Rash,757,2279,9229,76391,2.749407439994816,2.5253353621422097,2.9933613509005146
ORENCIA,Dizziness,563,3457,4735,79901,2.748155144253781,2.502156546819317,3.0183390030047876
METHOTREXATE,Nasopharyngitis,1207,7185,4633,75631,2.7423194261133217,2.562542284852226,2.9347089721378676
RITUXIMAB,Nasopharyngitis,989,5736,4851,77080,2.7396657492294074,2.5456338394201383,2.9484870531146172
HUMIRA,Fatigue,1247,3527,9606,74276,2.733801132349176,2.554129136529875,2.926112280050027
PANTOPRAZOLE,Nausea,1077,4435,6785,76359,2.73295486512376,2.545488388113758,2.9342276042902293
METHOTREXATE,Malaise,1128,7264,4323,75941,2.727874212413675,2.543930509185421,2.925118312738137
FOLIC ACID,Nausea,1205,5029,6657,75765,2.727064952074722,2.548620652167796,2.918003213427888
PANTOPRAZOLE,Vomiting,784,4728,4793,78351,2.7106641347735327,2.499725673164548,2.939402563420355
VITAMIN D3,Headache,1540,6389,6629,74098,2.694302162358978,2.5347335740452936,2.863916040890595
DICLOFENAC SODIUM,Drug ineffective,852,1756,13164,72884,2.6863302898981067,2.470114418044602,2.9214721284598166
FOLIC ACID,Pneumonia,1002,5232,5489,76933,2.6842281309909226,2.4954489775487296,2.8872883092486807
COSENTYX,Rash,906,2829,9080,75841,2.674936349918948,2.4744137855005945,2.8917089445774047
ORENCIA,Rash,969,3051,9017,75619,2.6634860689777606,2.469793055980967,2.8723694167246347
CIMZIA,Asthenia,552,4125,4048,79931,2.6423471074380167,2.4046214712671756,2.9035747703386825
CIMZIA,Drug ineffective,1481,3196,12535,71444,2.6411295930842957,2.4762327850113106,2.8170071770670604
RAMIPRIL,Arthralgia,750,2286,9472,76148,2.63755697134142,2.4221495920587546,2.8721210283130088
FOLIC ACID,Arthralgia,1485,4749,8737,73685,2.63718766790129,2.477776797231197,2.8068544364053576
FOLIC ACID,Headache,1214,5020,6955,75467,2.6240670101764043,2.453212464298445,2.8068207601681467
ENBREL,Off label use,1093,1743,16631,69189,2.608804079973829,2.4142732214698186,2.819009326353156
HUMIRA,Drug ineffective,1497,3277,12519,71363,2.60404699961338,2.4425483538156674,2.776223760566418
METHOTREXATE,Condition aggravated,1833,6559,7801,72463,2.595917380657235,2.4525630292116305,2.7476509133241254
ENBREL,Dyspnoea,593,2243,7934,77886,2.5953302215412686,2.363890758684365,2.849429033088762
METHOTREXATE,Drug ineffective,2529,5863,11487,68777,2.5826499268778664,2.4551178276861956,2.7168067330961496
ASPIRIN,Fatigue,2508,8121,8345,69682,2.5787680918675435,2.4525041242056513,2.711532594787409
ACETAMINOPHEN,Dizziness,1367,9906,3931,73452,2.5785215931819647,2.416200273190348,2.751747725666228
PANTOPRAZOLE,Pyrexia,706,4806,4504,78640,2.5648741323197988,2.357015595966385,2.791063124869141
VITAMIN D3,Dizziness,999,6930,4299,76428,2.5628152726547704,2.382156221928759,2.7571752269188377
PREDNISONE,Pneumonia,2349,14918,4142,67247,2.5564378201672766,2.4229169166340063,2.697316727418275
VITAMIN D3,Diarrhoea,1391,6538,6217,74510,2.549857496587796,2.3932287109941663,2.716737110430241
METHOTREXATE,Asthenia,912,7480,3688,76576,2.5315995220805734,2.345685332538989,2.7322488874760706
PANTOPRAZOLE,Diarrhoea,988,4524,6620,76524,2.524492134597354,2.3461455737803156,2.7163960364893605
ASPIRIN,Asthenia,1104,9525,3496,74531,2.4709821798590967,2.301748530502104,2.652658555993214
VITAMIN D3,Asthenia,847,7082,3753,76974,2.452974192236157,2.267935068280051,2.6531105197556832
HUMIRA,Rash,1077,3697,8909,74973,2.4515580597896447,2.2827709342432723,2.632825234614221
METHOTREXATE,Arthralgia,1858,6534,8364,71900,2.444451617313667,2.310660496653325,2.5859894683973987
HUMIRA,Nausea,868,3906,6994,76888,2.44298287420964,2.260768778662747,2.6398831141023567
RAMIPRIL,Dyspnoea,605,2431,7922,77698,2.4408743164404987,2.2263294614089673,2.6760942313040865
CIMZIA,Dizziness,590,4087,4708,79271,2.430665834580458,2.218819818434354,2.6627382495463827
FOLIC ACID,Condition aggravated,1329,4905,8305,74117,2.418043807661646,2.2665132350387283,2.5797051459401357
ORENCIA,Nausea,731,3289,7131,77505,2.4156431996969028,2.2216063070142416,2.626627431610223
ORENCIA,Fatigue,972,3048,9881,74755,2.4126295833808142,2.2378870005526843,2.6010167203110526
VITAMIN D3,Nausea,1370,6559,6492,74235,2.388433412175958,2.2414647742752467,2.545038507795874
HUMIRA,Dizziness,592,4182,4706,79176,2.381657531732438,2.1745955134600443,2.6084357129168114
PANTOPRAZOLE,Malaise,692,4820,4759,78385,2.364701430528224,2.1722669339279643,2.5741831117554828
METHOTREXATE,Nausea,1425,6967,6437,73827,2.345852846434507,2.203903979100082,2.4969443448130284
METHOTREXATE,Pneumonia,1193,7199,5298,74966,2.344880174257666,2.192249792034751,2.5081370980645534
ASPIRIN,Dizziness,1211,9418,4087,73940,2.32627077978994,2.174175277421043,2.489006197937976
PANTOPRAZOLE,Fatigue,1273,4239,9580,73564,2.306029261047013,2.1583984479674085,2.463757772719326
HUMIRA,Asthenia,502,4272,4098,79784,2.287790883650196,2.0749290061528036,2.522489739067004
ACETAMINOPHEN,Diarrhoea,1767,9506,5841,71542,2.2767356620979844,2.149827665052063,2.411135254854587
METHOTREXATE,Headache,1443,6949,6726,73538,2.2703821868233565,2.133988813502292,2.415493109256296
CIMZIA,Malaise,574,4103,4877,79102,2.269055319474725,2.0696031402449884,2.4877291412628426
CIMZIA,Condition aggravated,967,3710,8667,75312,2.26489435249795,2.1029682224616395,2.439288607971669
ORENCIA,Pneumonia,581,3439,5910,78726,2.250477428953937,2.053074899139553,2.466860152230064
HUMIRA,Diarrhoea,792,3982,6816,77066,2.2488327756594817,2.075562250483697,2.4365681403686
PREDNISONE,Vomiting,1881,15386,3696,67693,2.239107096432749,2.112494349381054,2.3733084023464706
RITUXIMAB,Drug ineffective,1881,4844,12135,69796,2.2334457828373817,2.110479686372165,2.3635764405052155
CIMZIA,Pyrexia,543,4134,4667,79312,2.2321864009506265,2.0314931423966427,2.4527063491391607
PREDNISONE,Pyrexia,1758,15509,3452,67937,2.23085145417377,2.100896160771444,2.368845402031576
FOLIC ACID,Dyspnoea,1122,5112,7405,75017,2.2234974782297203,2.075484816637769,2.3820656244081717
PREDNISONE,Asthenia,1554,15713,3046,68343,2.218993569777717,2.082439948536787,2.364501538771682
ASPIRIN,Diarrhoea,1647,8982,5961,72066,2.216827212552937,2.0902270408567913,2.3510952610683034
FOLIC ACID,Off label use,2111,4123,15613,66809,2.1909048162085742,2.0730928779837527,2.3154118972008475
HUMIRA,Pneumonia,669,4105,5822,78060,2.1850898624269908,2.005128565202154,2.3812027765909543
HUMIRA,Condition aggravated,956,3818,8678,75204,2.169917704023505,2.0145656267925784,2.337249667925281
RITUXIMAB,Headache,1132,5593,7037,74894,2.154076301908172,2.01167607206045,2.3065565967038824
ORENCIA,Condition aggravated,805,3215,8829,75807,2.149872460101176,1.9839282047412121,2.3296970039822487
ORENCIA,Diarrhoea,649,3371,6959,77677,2.1489759339239547,1.9688861568282097,2.345538135137223
ADALIMUMAB,Dyspnoea,570,2589,7957,77540,2.145454180064894,1.9538051244287358,2.3559021220725733
PREDNISONE,Diarrhoea,2449,14818,5159,66230,2.1217217179872523,2.0156447721813375,2.2333811546104023
VITAMIN D3,Malaise,889,7040,4562,76165,2.1082847497608705,1.9542051818771193,2.2745127416992745
COSENTYX,Drug ineffective,1029,2706,12987,71934,2.1062647160208137,1.9556825775350017,2.2684412618462564
PANTOPRAZOLE,Dizziness,614,4898,4684,78460,2.0998148741587133,1.9211238716011532,2.29512660319156
RITUXIMAB,Fatigue,1436,5289,9417,72514,2.0906925164586405,1.9647138463127594,2.224749017053729
RITUXIMAB,Dizziness,735,5990,4563,77368,2.080517715807301,1.9163076448416636,2.2587990907616917
ASPIRIN,Nausea,1624,9005,6238,71789,2.0754622623354666,1.9568765412459175,2.2012342176865674
METHOTREXATE,Fatigue,1758,6634,9095,71169,2.073631415154709,1.9588834616585589,2.1951011022757916
CIMZIA,Rash,935,3742,9051,74928,2.0684994190235377,1.9192162241573978,2.2293943708084303
METHOTREXATE,Diarrhoea,1258,7134,6350,73914,2.0525820016820857,1.9230506272593708,2.1908382514263356
CIMZIA,Fatigue,1002,3675,9851,74128,2.0516928354937547,1.9073591289326457,2.2069485643073414
PREDNISONE,Fatigue,3350,13917,7503,63886,2.049603860881936,1.9600734957800061,2.1432237084918135
RITUXIMAB,Nausea,1051,5674,6811,75120,2.042951627059153,1.9041921139430888,2.191822621227587
PREDNISONE,Pain,2729,14538,6019,65370,2.038698544168532,1.94184731291743,2.140380310205998
CIMZIA,Arthralgia,942,3735,9280,74699,2.030145236116881,1.8841203700468474,2.1874874584714497
CIMZIA,Headache,767,3910,7402,76577,2.0294010190098617,1.8715092193516714,2.2006135226974655
RAMIPRIL,Drug ineffective,810,2226,13206,72414,1.9953133285409352,1.83723830486983,2.16698904464393
PREDNISONE,Condition aggravated,2949,14318,6685,64704,1.9935270477203195,1.90207968146781,2.08937098099155
PREDNISONE,Headache,2511,14756,5658,65731,1.97690300934796,1.8799696326873607,2.078834381373726
ACETAMINOPHEN,Off label use,3475,7798,14249,63134,1.9744698093129864,1.8896359859519316,2.063112185029922
METHOTREXATE,Dizziness,867,7525,4431,75833,1.9718282322297376,1.826527503661715,2.1286876707980604
PREDNISONE,Nasopharyngitis,1806,15461,4034,67355,1.950356995612964,1.8401225461545703,2.067195154086711
PANTOPRAZOLE,Headache,870,4642,7299,75845,1.9475010859762,1.804452062813904,2.101890406533694
ORENCIA,Drug ineffective,1047,2973,12969,71667,1.9460971085361591,1.809315111642924,2.0932196561459095
CIMZIA,Diarrhoea,694,3983,6914,77065,1.942124073595686,1.7851252818825711,2.112930647232871
FOLIC ACID,Rash,1175,5059,8811,73611,1.9403974873812808,1.814271939048256,2.0752911005230747
PANTOPRAZOLE,Pain,923,4589,7825,75319,1.9359932662980024,1.7971131436641972,2.085605984445218
PREDNISONE,Drug ineffective,4104,13163,9912,61477,1.933765660182929,1.8561532330764907,2.014623341363228
ACETAMINOPHEN,Dyspnoea,1761,9512,6766,70617,1.9322565338690685,1.825864156591058,2.044848352601694
RITUXIMAB,Diarrhoea,970,5755,6638,75293,1.9118057342489296,1.7780874097610968,2.055580139335317
PANTOPRAZOLE,Pneumonia,689,4823,5802,77342,1.9043187078347368,1.7505994682195174,2.071535954879328
PREDNISONE,Nausea,2357,14910,5505,65884,1.89192786753826,1.7971098462396562,1.9917486198506604
VITAMIN D3,Product dose omission issue,1120,6809,6544,74183,1.8646434084616184,1.7419471354999654,1.9959819502337763
PANTOPRAZOLE,Off label use,1694,3818,16030,67114,1.857620876519177,1.7498674827478273,1.9720095120923866
CIMZIA,Pneumonia,576,4101,5915,78064,1.853654398046948,1.6921975028311838,2.030516308911949
VITAMIN D3,Vomiting,823,7106,4754,75973,1.850864947775029,1.7121703112285027,2.0007945660757778
CIMZIA,Nausea,679,3998,7183,76796,1.8157653238424865,1.6680143045051776,1.9766039789729968
PANTOPRAZOLE,Dyspnoea,857,4655,7670,75474,1.8116034545294133,1.6781031418949863,1.9557242904371381
VITAMIN D3,Nasopharyngitis,846,7083,4994,75733,1.8112973178996497,1.6773427070470395,1.9559497054756965
ASPIRIN,Dyspnoea,1593,9036,6934,71093,1.8075176938625648,1.7044840154968073,1.9167796141954283
VITAMIN D3,Dyspnoea,1209,6720,7318,73409,1.804737035392184,1.689848907373073,1.9274360877502377
PREDNISONE,Dyspnoea,2473,14794,6054,65335,1.8040226287507783,1.7159289016451487,1.8966389819092244
RITUXIMAB,Condition aggravated,1155,5570,8479,73452,1.7963285786004626,1.6795158473659415,1.9212658024974782
HUMIRA,Dyspnoea,736,4038,7791,76091,1.7801294581211515,1.640078428456563,1.932139849344181
RITUXIMAB,Rash,1186,5539,8800,73131,1.7793941719050042,1.6649193517652863,1.9017399345213808
RITUXIMAB,Dyspnoea,1022,5703,7505,74426,1.777139444006176,1.6558634728788653,1.9072977061035883
PREDNISONE,Dizziness,1542,15725,3756,67633,1.7657401321637367,1.6599751586276699,1.8782438990901411
VITAMIN D3,Pneumonia,918,7011,5573,75154,1.7657359997438595,1.6398208636104257,1.9013196441023892
ASPIRIN,Headache,1504,9125,6665,71362,1.7647444409047468,1.6618980078777619,1.8739555176922
VITAMIN D3,Pain,1218,6711,7530,73197,1.7642428052653043,1.6524024853277801,1.8836528651873616
ASPIRIN,Vomiting,1031,9598,4546,73481,1.7362951265602242,1.6174902810922958,1.8638262014662221
COSENTYX,Dyspnoea,567,3168,7960,76961,1.730435915372316,1.5778560427840755,1.8977703770281151
PANTOPRAZOLE,Nasopharyngitis,575,4937,5265,77879,1.722767651131705,1.5732882778891786,1.8864491787657687
ASPIRIN,Malaise,986,9643,4465,73562,1.6846000655657825,1.5673208993257262,1.8106549731616006
RITUXIMAB,Arthralgia,1161,5564,9061,72870,1.6780996141576094,1.5695030794454572,1.7942101241565476
VITAMIN D3,Pyrexia,706,7223,4504,76223,1.654149439733789,1.5225126019376967,1.797167632957023
ASPIRIN,Pneumonia,1147,9482,5344,72683,1.6452422814674386,1.5381973788565224,1.759736560427896
ORENCIA,Dyspnoea,576,3444,7951,76685,1.6130506670429552,1.4724436026942391,1.7670846270015192
CIMZIA,Off label use,1316,3361,16408,67571,1.6124716051313348,1.5095173250016267,1.7224477217258976
METHOTREXATE,Rash,1349,7043,8637,71627,1.588430082588159,1.4923669575455563,1.6906767564866865
ACETAMINOPHEN,Product dose omission issue,1376,9897,6288,71095,1.5719596320472369,1.4774461057380968,1.6725192717277517
FOLIC ACID,Drug ineffective,1377,4857,12639,69783,1.5653186473761982,1.4700873247987265,1.666718994505389
COSENTYX,Off label use,1029,2706,16695,68226,1.5540001952335132,1.44351347433499,1.6729435850249483
HUMIRA,Off label use,1289,3485,16435,67447,1.5178996603724335,1.420766456672586,1.621673546794403
ORENCIA,Off label use,1079,2941,16645,67991,1.4986287137576708,1.3948127182021248,1.6101717401844877
PREDNISONE,Arthralgia,2596,14671,7626,63763,1.4795066181272565,1.410143315847858,1.5522818202107613
LEFLUNOMIDE,Pruritus,545,2123,12827,73161,1.4642021706964463,1.3302143122972105,1.611686159781128
ASPIRIN,Pyrexia,846,9783,4364,73663,1.4596978540656724,1.352073706522138,1.5758888105624458
ACETAMINOPHEN,Arthralgia,1716,9557,8506,68877,1.4539334955652743,1.3746030086103904,1.5378422688479767
SULFASALAZINE,Pruritus,593,2343,12779,72941,1.444632056627529,1.3176052263766578,1.583905207157469
ACTEMRA,Pruritus,565,2306,12807,72978,1.3961551815596291,1.2710190404535817,1.5336114007388773
PANTOPRAZOLE,Arthralgia,822,4690,9400,73744,1.374984530236356,1.272883082338145,1.4852758156833243
ENBREL,Pruritus,550,2286,12822,72998,1.369751082627696,1.2456640476173473,1.5061990686401316
CIMZIA,Dyspnoea,584,4093,7943,76036,1.3658587900555446,1.248642505229187,1.4940787507706803
DICLOFENAC SODIUM,Pruritus,503,2105,12869,73179,1.3588063085552955,1.230652007869479,1.5003059941909187
ASPIRIN,Pain,1315,9314,7433,70594,1.3408900774771844,1.259661528839909,1.4273566023189048
PANTOPRAZOLE,Condition aggravated,755,4757,8879,74265,1.3274981655477256,1.2255872662578753,1.4378832320225674
ACETAMINOPHEN,Rash,1540,9733,8446,68937,1.29144317131975,1.2182950945310116,1.3689831570654485
ASPIRIN,Product dose omission issue,1123,9506,6541,71486,1.2910967680178047,1.2076349337104046,1.380326800637052
PANTOPRAZOLE,Drug ineffective,1056,4456,12960,70184,1.2833699049138905,1.197024790031387,1.3759433610355734
ACETAMINOPHEN,Condition aggravated,1461,9812,8173,69210,1.260898205734342,1.1880007804677377,1.3382687211687896
VITAMIN D3,Arthralgia,1060,6869,9162,71565,1.2053765467568147,1.1258679263286913,1.290500053775586
METHOTREXATE,Dyspnoea,935,7457,7592,72672,1.200213150407966,1.1168455124300054,1.2898038183257636
DUPIXENT,Condition aggravated,3824,28061,5810,50961,1.1952989801355431,1.1446047551009697,1.2482384382432827
ACETAMINOPHEN,Drug ineffective,1989,9284,12027,65356,1.1642005616617244,1.1050033786500155,1.2265690530551352
ADALIMUMAB,Pruritus,520,2639,12852,72645,1.1137788448712818,1.0119377497642983,1.225869195582185
COSENTYX,Pruritus,587,3148,12785,72136,1.052094382761724,0.961442964765918,1.1512930364083218
ASPIRIN,Nasopharyngitis,726,9903,5114,72913,1.0452353412773436,0.9643734664368011,1.1328774138631506
COSENTYX,Product dose omission issue,335,3400,7329,77592,1.0431292287688714,0.9300285511356243,1.1699840683205671
RAMIPRIL,Pruritus,443,2593,12929,72691,0.9605432344803326,0.8669778572989337,1.0642063087752103
VITAMIN D3,Rash,860,7069,9126,71601,0.9545069456709664,0.8863695582874456,1.027882220023916
ORENCIA,Pruritus,568,3452,12804,71832,0.9231023184744918,0.8430464785289391,1.0107602748781679
PANTOPRAZOLE,Rash,577,4935,9409,73735,0.91626030521339,0.8383511411941384,1.0014096786627054
PREDNISONE,Rash,1819,15448,8167,63222,0.911519813256124,0.8637974460159508,0.961878706391934
HUMIRA,Pruritus,661,4113,12711,71171,0.899841667067869,0.8271163312273009,0.9789614776315703
ASPIRIN,Off label use,1947,8682,15777,62250,0.8848325699071444,0.8398618584905282,0.9322112545694458
CIMZIA,Pruritus,622,4055,12750,71229,0.8569316602596649,0.7859380978239799,0.9343380507810018
ASPIRIN,Arthralgia,1083,9546,9139,68888,0.8551689532204931,0.8001289306083758,0.9139951207565779
VITAMIN D3,Off label use,1406,6523,16318,64409,0.8507805833683774,0.8011263650466911,0.9035123953191211
DUPIXENT,Dyspnoea,2749,29136,5778,50993,0.8326794311453107,0.7939411899816257,0.8733078013857988
PREDNISONE,Product dose omission issue,1269,15998,6395,64994,0.8061737388792051,0.7572032607833656,0.8583112764016695
PANTOPRAZOLE,Product dose omission issue,384,5128,7280,75864,0.780346642437126,0.7015471169288505,0.8679971275894408
VITAMIN D3,Condition aggravated,696,7233,8938,71789,0.7728733422251022,0.712857934486275,0.8379414385738322
FOLIC ACID,Product dose omission issue,431,5803,7233,75189,0.7720768723796163,0.6980564605304207,0.8539462501507966
FOLIC ACID,Pruritus,713,5521,12659,69763,0.711700926218143,0.6568094245230713,0.7711798726815778
DUPIXENT,Arthralgia,2910,28975,7312,49459,0.679326713400785,0.6492134242149938,0.7108367854499059
VITAMIN D3,Drug ineffective,915,7014,13101,67626,0.6733867800399724,0.6269909624195128,0.7232157761617047
DUPIXENT,Drug ineffective,3961,27924,10055,46716,0.6590385026744824,0.6334220963869608,0.685690869461062
DUPIXENT,Product dose omission issue,2091,29794,5573,51198,0.6447467658807838,0.6119211343596954,0.6793332813201665
ACETAMINOPHEN,Pruritus,1183,10090,12189,65194,0.6270946988629125,0.5886518317910973,0.6680481400107559
RITUXIMAB,Pruritus,682,6043,12690,69241,0.6157912162728708,0.5676488674286007,0.6680165218272324
ASPIRIN,Drug ineffective,1148,9481,12868,65159,0.6131279295334612,0.5750585805109063,0.6537175006414139
ASPIRIN,Rash,776,9853,9210,68817,0.5884767978535282,0.5452760738760088,0.635100196401959
VITAMIN D3,Pruritus,744,7185,12628,68099,0.5584088908698105,0.5165921039831088,0.6036106378672942
DUPIXENT,Nasopharyngitis,1422,30463,4418,52353,0.5531498355536487,0.5202055254280814,0.5881804894733471
METHOTREXATE,Pruritus,766,7626,12606,67658,0.5391055733038177,0.49931019754034867,0.5820726686515392
PANTOPRAZOLE,Pruritus,459,5053,12913,70231,0.4940433848353737,0.4482037775058455,0.5445711936160776
ASPIRIN,Condition aggravated,576,10053,9058,68969,0.4362630322483595,0.39999888532240385,0.47581490921688097
METHOTREXATE,Product dose omission issue,349,8043,7315,72949,0.4327253826812122,0.3877155763508207,0.48296036640831014
PREDNISONE,Pruritus,1323,15944,12049,59340,0.4086571445573658,0.38509025248236756,0.4336662917881214
ORENCIA,Product dose omission issue,153,3867,7511,77125,0.4062699248756337,0.3450637118810343,0.47833268516904565
ACTEMRA,Product dose omission issue,105,2766,7559,78226,0.3928474166635339,0.32282920571332735,0.47805183065207735
ASPIRIN,Pruritus,716,9913,12656,65371,0.3730753701322874,0.34501252332936877,0.40342081051495354
DICLOFENAC SODIUM,Product dose omission issue,90,2518,7574,78474,0.3703286167950932,0.29970851111308094,0.4575888883102903
RAMIPRIL,Product dose omission issue,98,2938,7566,78054,0.3441146096785321,0.2809933342938598,0.42141520862687604
DUPIXENT,Headache,1410,30475,6759,50012,0.3423475107658843,0.322692942622956,0.36319919851652716
DUPIXENT,Pyrexia,875,31010,4335,52436,0.3413082136320203,0.31696814430324505,0.36751736345224967
DUPIXENT,Pain,1406,30479,7342,49429,0.3105646716274248,0.2928253803720539,0.32937860488904197
LEFLUNOMIDE,Product dose omission issue,75,2593,7589,78399,0.2988028372605996,0.23722447716641498,0.3763656121048229
DUPIXENT,Dizziness,776,31109,4522,52249,0.2882193239621187,0.26674176473414973,0.3114262169929537
SULFASALAZINE,Product dose omission issue,73,2863,7591,78129,0.2624307891125919,0.2077818110009219,0.3314530696527238
DUPIXENT,Pneumonia,819,31066,5672,51099,0.2375060860462056,0.22043056173362197,0.25590435584497084
HUMIRA,Product dose omission issue,108,4666,7556,76326,0.2338081118901429,0.19291903219397566,0.28336360888783607
DUPIXENT,Off label use,2479,29406,15245,41526,0.2296324422650139,0.21952852767857284,0.2402013947718093
ENBREL,Product dose omission issue,58,2778,7606,78214,0.2146959876131287,0.16536021493435465,0.27875125292668146
DUPIXENT,Fatigue,1294,30591,9559,47212,0.2089202511068957,0.19679045353117092,0.22179770684686548
RITUXIMAB,Product dose omission issue,125,6600,7539,74392,0.1868867746305072,0.15632923424537723,0.22341737103997106
DUPIXENT,Vomiting,534,31351,5043,51728,0.1747135459266442,0.1596295999702418,0.19122282544059538
DUPIXENT,Malaise,510,31375,4941,51830,0.1705111551365878,0.1554881413184752,0.18698566835694058
DUPIXENT,Nausea,758,31127,7104,49667,0.1702538398343085,0.15775918775202016,0.18373807821506863
DUPIXENT,Diarrhoea,694,31191,6914,49857,0.1604452776410854,0.14821075611561627,0.17368973610284813
ADALIMUMAB,Product dose omission issue,40,3119,7624,77873,0.1309931647987641,0.09581080212633832,0.17909472463626436
DUPIXENT,Asthenia,330,31555,4270,52501,0.1285835630661604,0.1148613778322875,0.14394510150253156
