drugname,reaction,a,b,c,d,ROR
DUPIXENT,Pruritus,10039,21846,3333,53438,7.367724990021661
ORENCIA,Arthralgia,1802,2218,8420,76216,7.35406231459726
ACTEMRA,Pain,1170,1701,7578,78207,7.098597862651703
SULFASALAZINE,Vomiting,852,2084,4725,80995,7.0080675136337325
ENBREL,Pain,1133,1703,7615,78205,6.832503684934354
LEFLUNOMIDE,Vomiting,749,1919,4828,81160,6.561174976783424
SULFASALAZINE,Pain,1135,1801,7613,78107,6.4657108121770435
DICLOFENAC SODIUM,Vomiting,726,1882,4851,81197,6.456924533894323
LEFLUNOMIDE,Malaise,710,1958,4741,81247,6.214168709316227
SULFASALAZINE,Pyrexia,733,2203,4477,81243,6.037933631834511
ACTEMRA,Nasopharyngitis,778,2093,5062,80723,5.927690521904872
ACTEMRA,Asthenia,633,2238,3967,81818,5.833514564865232
DICLOFENAC SODIUM,Pain,957,1651,7791,78257,5.822303701773957
ACTEMRA,Vomiting,740,2131,4837,80948,5.8113670365312275
RAMIPRIL,Asthenia,664,2372,3936,81684,5.809453790153416
LEFLUNOMIDE,Asthenia,590,2078,4010,81978,5.80442781400685
LEFLUNOMIDE,Pain,974,1694,7774,78214,5.784762212551814
RAMIPRIL,Vomiting,763,2273,4814,80806,5.634593960897521
ADALIMUMAB,Vomiting,787,2372,4790,80707,5.590308030009118
DICLOFENAC SODIUM,Asthenia,559,2049,4041,82007,5.536456904817374
ACTEMRA,Pyrexia,677,2194,4533,81252,5.530958326269768
COSENTYX,Malaise,889,2846,4562,80359,5.502323342051097
SULFASALAZINE,Nasopharyngitis,755,2181,5085,80635,5.489387879681364
SULFASALAZINE,Asthenia,616,2320,3984,81736,5.447368785486774
SULFASALAZINE,Condition aggravated,1089,1847,8545,77175,5.325072872904776
DICLOFENAC SODIUM,Malaise,625,1983,4826,81222,5.304490364534515
DICLOFENAC SODIUM,Nasopharyngitis,661,1947,5179,80869,5.301169245281877
ORENCIA,Pain,1353,2667,7395,77241,5.298884951754256
DICLOFENAC SODIUM,Dizziness,605,2003,4693,81355,5.2361022710553815
ENBREL,Vomiting,678,2158,4899,80921,5.189578134479602
ADALIMUMAB,Malaise,733,2426,4718,80779,5.1731338331002945
ACTEMRA,Headache,927,1944,7242,78543,5.171689450428058
ACTEMRA,Arthralgia,1090,1781,9132,76653,5.137192411356256
HUMIRA,Pain,1549,3225,7199,76683,5.116213039924796
SULFASALAZINE,Malaise,679,2257,4772,80948,5.103215441129228
DICLOFENAC SODIUM,Headache,826,1782,7343,78705,4.968223705115983
RAMIPRIL,Dizziness,671,2365,4627,80993,4.966373309342032
ACTEMRA,Dizziness,637,2234,4661,81124,4.962797068265078
DICLOFENAC SODIUM,Pyrexia,574,2034,4636,81412,4.9557106412726535
LEFLUNOMIDE,Nasopharyngitis,644,2024,5196,80792,4.947372104415984
ACTEMRA,Malaise,649,2222,4802,80983,4.925749790722512
LEFLUNOMIDE,Arthralgia,990,1678,9232,76756,4.905234526536708
SULFASALAZINE,Dizziness,640,2296,4658,81062,4.850940198048242
LEFLUNOMIDE,Headache,831,1837,7338,78650,4.848561258513227
COSENTYX,Pain,1198,2537,7550,77371,4.83913356496044
ADALIMUMAB,Pyrexia,673,2486,4537,80960,4.83076220885892
ENBREL,Pyrexia,607,2229,4603,81217,4.804902628993302
SULFASALAZINE,Fatigue,1115,1821,9738,75982,4.77755694528892
ENBREL,Malaise,628,2208,4823,80997,4.776527102921689
COSENTYX,Vomiting,820,2915,4757,80164,4.7404712960696
ACTEMRA,Fatigue,1083,1788,9770,76015,4.7126553344370175
COSENTYX,Nasopharyngitis,845,2890,4995,79926,4.678551908309694
SULFASALAZINE,Rash,1036,1900,8950,76770,4.67707850632167
ENBREL,Asthenia,535,2301,4065,81755,4.676176944298778
LEFLUNOMIDE,Condition aggravated,921,1747,8713,77275,4.675607266537031
SULFASALAZINE,Arthralgia,1050,1886,9172,76548,4.6464087529060505
ACTEMRA,Rash,1007,1864,8979,76806,4.621157163567638
ADALIMUMAB,Asthenia,585,2574,4015,81482,4.612362730669082
LEFLUNOMIDE,Pyrexia,555,2113,4655,81333,4.589238121332674
RAMIPRIL,Nausea,879,2157,6983,78637,4.589058824958767
LEFLUNOMIDE,Dizziness,561,2107,4737,81251,4.56692264663793
LEFLUNOMIDE,Rash,932,1736,9054,76934,4.561881654262851
ENBREL,Nasopharyngitis,642,2194,5198,80622,4.5385350862455685
RITUXIMAB,Off label use,3301,3424,14423,67508,4.512439648899312
RAMIPRIL,Malaise,641,2395,4810,80810,4.4964787173555445
ACETAMINOPHEN,Vomiting,2008,9265,3569,73814,4.48239863657746
COSENTYX,Asthenia,666,3069,3934,80987,4.467435560651035
DICLOFENAC SODIUM,Fatigue,955,1653,9898,76150,4.444807697925984
ENBREL,Rash,967,1869,9019,76801,4.405808948245577
ADALIMUMAB,Dizziness,635,2524,4663,80834,4.3612705545527675
SULFASALAZINE,Headache,847,2089,7322,78398,4.34130431002053
LEFLUNOMIDE,Fatigue,962,1706,9891,76097,4.33833794218648
DICLOFENAC SODIUM,Rash,882,1726,9104,76944,4.318871716963956
LEFLUNOMIDE,Nausea,746,1922,7116,78872,4.302019338811747
ENBREL,Arthralgia,968,1868,9254,76566,4.287508058324452
ADALIMUMAB,Nasopharyngitis,675,2484,5165,80332,4.226398417441811
ENBREL,Fatigue,1003,1833,9850,75970,4.220310107144538
LEFLUNOMIDE,Diarrhoea,716,1952,6892,79096,4.2096158054479895
RITUXIMAB,Pneumonia,1448,5277,5043,76888,4.183608760753784
DICLOFENAC SODIUM,Nausea,713,1895,7149,78899,4.152470131623479
ADALIMUMAB,Headache,879,2280,7290,78207,4.135919969677279
ACETAMINOPHEN,Pyrexia,1803,9470,3407,73976,4.133942758387059
DICLOFENAC SODIUM,Diarrhoea,689,1919,6919,79129,4.106166863025521
RAMIPRIL,Nasopharyngitis,634,2402,5206,80414,4.0770285870751195
SULFASALAZINE,Pneumonia,671,2265,5820,79900,4.067036860032013
SULFASALAZINE,Nausea,784,2152,7078,78642,4.047788266905885
ENBREL,Headache,778,2058,7391,78429,4.0115083627435935
ACETAMINOPHEN,Headache,2653,8620,5516,71867,4.009915701885593
ENBREL,Condition aggravated,886,1950,8748,77072,4.003012673959176
LEFLUNOMIDE,Pneumonia,606,2062,5885,80103,4.000242112194033
RAMIPRIL,Pain,875,2161,7873,77747,3.9984960813299844
RITUXIMAB,Vomiting,1229,5496,4348,77583,3.9900854129590275
ACTEMRA,Nausea,758,2113,7104,78681,3.9731652351594375
ACTEMRA,Condition aggravated,890,1981,8744,77041,3.9583782669116903
ADALIMUMAB,Pain,900,2259,7848,77649,3.9418777489430656
ACTEMRA,Diarrhoea,733,2138,6875,78910,3.9350985628029593
RAMIPRIL,Headache,815,2221,7354,78266,3.9053374242969885
ACETAMINOPHEN,Nausea,2520,8753,5342,72041,3.8825714908121784
ADALIMUMAB,Diarrhoea,794,2365,6814,78683,3.8767530597060773
SULFASALAZINE,Diarrhoea,738,2198,6870,78850,3.8536621223740517
FOLIC ACID,Vomiting,1121,5113,4456,77966,3.836099747150661
HUMIRA,Pyrexia,829,3945,4381,79501,3.813351698152727
RAMIPRIL,Pyrexia,545,2491,4665,80955,3.7967744975158157
RAMIPRIL,Pneumonia,658,2378,5833,79787,3.784898197474795
ENBREL,Dizziness,515,2321,4783,81037,3.7593699248820616
SULFASALAZINE,Off label use,1371,1565,16353,69367,3.716024670561957
RITUXIMAB,Pyrexia,1101,5624,4109,77822,3.7077313027954113
HUMIRA,Malaise,840,3934,4611,79271,3.6708289244889407
ACTEMRA,Drug ineffective,1127,1744,12889,72896,3.6547856396998792
ACTEMRA,Pneumonia,605,2266,5886,79899,3.624236711103194
SULFASALAZINE,Drug ineffective,1145,1791,12871,72849,3.6184385788263307
ORENCIA,Vomiting,724,3296,4853,79783,3.6111991081484978
ACETAMINOPHEN,Malaise,1734,9539,3717,73666,3.602639214182193
ADALIMUMAB,Nausea,775,2384,7087,78410,3.5967021335027836
ACTEMRA,Off label use,1318,1553,16406,69379,3.588965496344803
RAMIPRIL,Fatigue,961,2075,9892,75728,3.545501439644547
FOLIC ACID,Pain,1569,4665,7179,75243,3.5251162621956054
DICLOFENAC SODIUM,Arthralgia,789,1819,9433,76615,3.522964570533528
DICLOFENAC SODIUM,Condition aggravated,751,1857,8883,77165,3.5130855977222226
ADALIMUMAB,Condition aggravated,899,2260,8735,76762,3.495703785503341
DICLOFENAC SODIUM,Pneumonia,533,2075,5958,80090,3.452923071945385
FOLIC ACID,Asthenia,874,5360,3726,78696,3.4439469320066336
ADALIMUMAB,Fatigue,979,2180,9874,75623,3.4394339782172807
ACETAMINOPHEN,Asthenia,1431,9842,3169,74214,3.4050216199159085
ENBREL,Drug ineffective,1067,1769,12949,72871,3.39433799100799
ADALIMUMAB,Rash,906,2253,9080,76417,3.3843178258650726
COSENTYX,Pneumonia,735,3000,5756,79165,3.3696012856150106
CIMZIA,Pain,1170,3507,7578,76401,3.3635240547070095
ENBREL,Diarrhoea,649,2187,6959,78861,3.362879897561871
ACETAMINOPHEN,Pneumonia,1949,9324,4542,72841,3.35226500797835
FOLIC ACID,Pyrexia,960,5274,4250,78172,3.3480612996051664
ADALIMUMAB,Off label use,1394,1765,16330,69167,3.345267248273481
RITUXIMAB,Malaise,1068,5657,4383,77548,3.340290242673908
RAMIPRIL,Diarrhoea,689,2347,6919,78701,3.3392047721479536
LEFLUNOMIDE,Drug ineffective,996,1672,13020,72968,3.3384472912486496
COSENTYX,Pyrexia,595,3140,4615,80306,3.297339056386334
ORENCIA,Nasopharyngitis,701,3319,5139,79497,3.2672539204041477
ADALIMUMAB,Drug ineffective,1153,2006,12863,72634,3.24560804099402
HUMIRA,Vomiting,782,3992,4795,79087,3.230968401871522
COSENTYX,Arthralgia,1050,2685,9172,75749,3.2296678986568303
ADALIMUMAB,Pneumonia,608,2551,5883,79614,3.225401003615984
ENBREL,Nausea,646,2190,7216,78604,3.2131908797294697
ADALIMUMAB,Arthralgia,892,2267,9330,76167,3.2121701414252017
COSENTYX,Dizziness,592,3143,4706,80215,3.210561479520123
LEFLUNOMIDE,Off label use,1156,1512,16568,69420,3.203469300161719
ENBREL,Pneumonia,546,2290,5945,79875,3.2034368905652615
CIMZIA,Product dose omission issue,1008,3669,6656,77323,3.191598135102837
FOLIC ACID,Dizziness,940,5294,4358,78064,3.180588552368116
ORENCIA,Malaise,633,3387,4818,79818,3.096154037064286
FOLIC ACID,Malaise,937,5297,4514,77908,3.053023300320719
RITUXIMAB,Asthenia,857,5868,3743,78188,3.0507807257027477
PREDNISONE,Off label use,6329,10938,11395,59994,3.046426228939996
VITAMIN D3,Fatigue,2135,5794,8718,72009,3.0436121117296033
ORENCIA,Pyrexia,599,3421,4611,80025,3.0388153311562385
HUMIRA,Nasopharyngitis,778,3996,5062,78820,3.0315756293630653
COSENTYX,Headache,832,2903,7337,77584,3.0306092060912206
DICLOFENAC SODIUM,Off label use,1095,1513,16629,69419,3.0212552013286973
PANTOPRAZOLE,Asthenia,710,4802,3890,79254,3.0123663126653524
SULFASALAZINE,Dyspnoea,683,2253,7844,77876,3.0097163213511227
RAMIPRIL,Condition aggravated,782,2254,8852,76768,3.008788513145882
COSENTYX,Diarrhoea,778,2957,6830,78091,3.0082127873854185
HUMIRA,Arthralgia,1261,3513,8961,74921,3.001124587289457
COSENTYX,Condition aggravated,950,2785,8684,76237,2.9946383989375205
LEFLUNOMIDE,Dyspnoea,620,2048,7907,78081,2.989478023823827
ACETAMINOPHEN,Nasopharyngitis,1648,9625,4192,73191,2.9894608902547835
FOLIC ACID,Nasopharyngitis,978,5256,4862,77560,2.9682901036648013
METHOTREXATE,Vomiting,1220,7172,4357,75907,2.9635606349687493
METHOTREXATE,Pain,1832,6560,6916,73348,2.961794495619913
METHOTREXATE,Pyrexia,1143,7249,4067,76197,2.9541451551459934
DICLOFENAC SODIUM,Dyspnoea,601,2007,7926,78122,2.951524446169419
PREDNISONE,Malaise,2137,15130,3314,68075,2.9013541262388607
FOLIC ACID,Diarrhoea,1211,5023,6397,76025,2.865240248149119
FOLIC ACID,Fatigue,1650,4584,9203,73219,2.863740795882062
COSENTYX,Nausea,770,2965,7092,77829,2.849959910175967
HUMIRA,Headache,999,3775,7170,76712,2.831344287733104
DUPIXENT,Rash,5827,26058,4159,52612,2.828784276907871
RITUXIMAB,Pain,1453,5272,7295,74636,2.8197673172948816
METHOTREXATE,Off label use,3218,5174,14506,65758,2.8194249466424486
ACETAMINOPHEN,Fatigue,2781,8492,8072,69311,2.8119786237335482
COSENTYX,Fatigue,1006,2729,9847,75074,2.8104771788131218
ACETAMINOPHEN,Pain,2295,8978,6453,70930,2.809773961641241
CIMZIA,Vomiting,691,3986,4886,79093,2.8062434135520165
RAMIPRIL,Off label use,1218,1818,16506,69114,2.805288925839149
CIMZIA,Nasopharyngitis,717,3960,5123,78856,2.786983242536629
ORENCIA,Headache,840,3180,7329,77307,2.7862896685949075
ORENCIA,Asthenia,498,3522,4102,80534,2.776026486435752
ACTEMRA,Dyspnoea,630,2241,7897,77888,2.7727269722170944
RAMIPRIL,Rash,757,2279,9229,76391,2.749407439994816
ORENCIA,Dizziness,563,3457,4735,79901,2.7481551442537815
METHOTREXATE,Nasopharyngitis,1207,7185,4633,75631,2.7423194261133217
RITUXIMAB,Nasopharyngitis,989,5736,4851,77080,2.7396657492294074
HUMIRA,Fatigue,1247,3527,9606,74276,2.733801132349176
PANTOPRAZOLE,Nausea,1077,4435,6785,76359,2.73295486512376
METHOTREXATE,Malaise,1128,7264,4323,75941,2.727874212413675
FOLIC ACID,Nausea,1205,5029,6657,75765,2.727064952074722
PANTOPRAZOLE,Vomiting,784,4728,4793,78351,2.7106641347735327
VITAMIN D3,Headache,1540,6389,6629,74098,2.694302162358978
DICLOFENAC SODIUM,Drug ineffective,852,1756,13164,72884,2.6863302898981067
FOLIC ACID,Pneumonia,1002,5232,5489,76933,2.6842281309909226
COSENTYX,Rash,906,2829,9080,75841,2.6749363499189482
ORENCIA,Rash,969,3051,9017,75619,2.6634860689777606
CIMZIA,Asthenia,552,4125,4048,79931,2.6423471074380167
CIMZIA,Drug ineffective,1481,3196,12535,71444,2.6411295930842953
RAMIPRIL,Arthralgia,750,2286,9472,76148,2.63755697134142
FOLIC ACID,Arthralgia,1485,4749,8737,73685,2.63718766790129
FOLIC ACID,Headache,1214,5020,6955,75467,2.6240670101764043
ENBREL,Off label use,1093,1743,16631,69189,2.608804079973829
HUMIRA,Drug ineffective,1497,3277,12519,71363,2.60404699961338
METHOTREXATE,Condition aggravated,1833,6559,7801,72463,2.595917380657235
ENBREL,Dyspnoea,593,2243,7934,77886,2.5953302215412686
METHOTREXATE,Drug ineffective,2529,5863,11487,68777,2.5826499268778664
ASPIRIN,Fatigue,2508,8121,8345,69682,2.5787680918675435
ACETAMINOPHEN,Dizziness,1367,9906,3931,73452,2.5785215931819647
PANTOPRAZOLE,Pyrexia,706,4806,4504,78640,2.5648741323197988
VITAMIN D3,Dizziness,999,6930,4299,76428,2.5628152726547704
PREDNISONE,Pneumonia,2349,14918,4142,67247,2.5564378201672766
VITAMIN D3,Diarrhoea,1391,6538,6217,74510,2.5498574965877956
METHOTREXATE,Asthenia,912,7480,3688,76576,2.5315995220805734
PANTOPRAZOLE,Diarrhoea,988,4524,6620,76524,2.524492134597354
ASPIRIN,Asthenia,1104,9525,3496,74531,2.4709821798590967
VITAMIN D3,Asthenia,847,7082,3753,76974,2.4529741922361574
HUMIRA,Rash,1077,3697,8909,74973,2.4515580597896447
METHOTREXATE,Arthralgia,1858,6534,8364,71900,2.444451617313667
HUMIRA,Nausea,868,3906,6994,76888,2.44298287420964
RAMIPRIL,Dyspnoea,605,2431,7922,77698,2.4408743164404987
CIMZIA,Dizziness,590,4087,4708,79271,2.430665834580458
FOLIC ACID,Condition aggravated,1329,4905,8305,74117,2.418043807661646
ORENCIA,Nausea,731,3289,7131,77505,2.4156431996969028
ORENCIA,Fatigue,972,3048,9881,74755,2.4126295833808142
VITAMIN D3,Nausea,1370,6559,6492,74235,2.388433412175958
HUMIRA,Dizziness,592,4182,4706,79176,2.381657531732438
PANTOPRAZOLE,Malaise,692,4820,4759,78385,2.364701430528224
METHOTREXATE,Nausea,1425,6967,6437,73827,2.345852846434507
METHOTREXATE,Pneumonia,1193,7199,5298,74966,2.344880174257666
ASPIRIN,Dizziness,1211,9418,4087,73940,2.3262707797899402
PANTOPRAZOLE,Fatigue,1273,4239,9580,73564,2.306029261047013
HUMIRA,Asthenia,502,4272,4098,79784,2.287790883650196
ACETAMINOPHEN,Diarrhoea,1767,9506,5841,71542,2.2767356620979844
METHOTREXATE,Headache,1443,6949,6726,73538,2.2703821868233565
CIMZIA,Malaise,574,4103,4877,79102,2.269055319474725
CIMZIA,Condition aggravated,967,3710,8667,75312,2.26489435249795
ORENCIA,Pneumonia,581,3439,5910,78726,2.250477428953937
HUMIRA,Diarrhoea,792,3982,6816,77066,2.2488327756594817
PREDNISONE,Vomiting,1881,15386,3696,67693,2.2391070964327495
RITUXIMAB,Drug ineffective,1881,4844,12135,69796,2.2334457828373817
CIMZIA,Pyrexia,543,4134,4667,79312,2.2321864009506265
PREDNISONE,Pyrexia,1758,15509,3452,67937,2.23085145417377
FOLIC ACID,Dyspnoea,1122,5112,7405,75017,2.2234974782297203
PREDNISONE,Asthenia,1554,15713,3046,68343,2.2189935697777172
ASPIRIN,Diarrhoea,1647,8982,5961,72066,2.216827212552937
FOLIC ACID,Off label use,2111,4123,15613,66809,2.1909048162085742
HUMIRA,Pneumonia,669,4105,5822,78060,2.1850898624269908
HUMIRA,Condition aggravated,956,3818,8678,75204,2.169917704023505
RITUXIMAB,Headache,1132,5593,7037,74894,2.1540763019081717
ORENCIA,Condition aggravated,805,3215,8829,75807,2.149872460101176
ORENCIA,Diarrhoea,649,3371,6959,77677,2.1489759339239547
ADALIMUMAB,Dyspnoea,570,2589,7957,77540,2.145454180064894
PREDNISONE,Diarrhoea,2449,14818,5159,66230,2.1217217179872523
VITAMIN D3,Malaise,889,7040,4562,76165,2.1082847497608705
COSENTYX,Drug ineffective,1029,2706,12987,71934,2.1062647160208137
PANTOPRAZOLE,Dizziness,614,4898,4684,78460,2.0998148741587133
RITUXIMAB,Fatigue,1436,5289,9417,72514,2.0906925164586405
RITUXIMAB,Dizziness,735,5990,4563,77368,2.080517715807301
ASPIRIN,Nausea,1624,9005,6238,71789,2.0754622623354666
METHOTREXATE,Fatigue,1758,6634,9095,71169,2.073631415154709
CIMZIA,Rash,935,3742,9051,74928,2.0684994190235377
METHOTREXATE,Diarrhoea,1258,7134,6350,73914,2.0525820016820857
CIMZIA,Fatigue,1002,3675,9851,74128,2.0516928354937547
PREDNISONE,Fatigue,3350,13917,7503,63886,2.0496038608819362
RITUXIMAB,Nausea,1051,5674,6811,75120,2.0429516270591535
PREDNISONE,Pain,2729,14538,6019,65370,2.0386985441685317
CIMZIA,Arthralgia,942,3735,9280,74699,2.0301452361168812
CIMZIA,Headache,767,3910,7402,76577,2.0294010190098617
RAMIPRIL,Drug ineffective,810,2226,13206,72414,1.9953133285409352
PREDNISONE,Condition aggravated,2949,14318,6685,64704,1.9935270477203195
PREDNISONE,Headache,2511,14756,5658,65731,1.9769030093479598
ACETAMINOPHEN,Off label use,3475,7798,14249,63134,1.9744698093129864
METHOTREXATE,Dizziness,867,7525,4431,75833,1.9718282322297376
PREDNISONE,Nasopharyngitis,1806,15461,4034,67355,1.950356995612964
PANTOPRAZOLE,Headache,870,4642,7299,75845,1.9475010859762
ORENCIA,Drug ineffective,1047,2973,12969,71667,1.9460971085361591
CIMZIA,Diarrhoea,694,3983,6914,77065,1.942124073595686
FOLIC ACID,Rash,1175,5059,8811,73611,1.9403974873812808
PANTOPRAZOLE,Pain,923,4589,7825,75319,1.9359932662980026
PREDNISONE,Drug ineffective,4104,13163,9912,61477,1.933765660182929
ACETAMINOPHEN,Dyspnoea,1761,9512,6766,70617,1.9322565338690683
RITUXIMAB,Diarrhoea,970,5755,6638,75293,1.9118057342489299
PANTOPRAZOLE,Pneumonia,689,4823,5802,77342,1.9043187078347368
PREDNISONE,Nausea,2357,14910,5505,65884,1.89192786753826
VITAMIN D3,Product dose omission issue,1120,6809,6544,74183,1.8646434084616184
PANTOPRAZOLE,Off label use,1694,3818,16030,67114,1.857620876519177
CIMZIA,Pneumonia,576,4101,5915,78064,1.8536543980469478
VITAMIN D3,Vomiting,823,7106,4754,75973,1.850864947775029
CIMZIA,Nausea,679,3998,7183,76796,1.8157653238424865
PANTOPRAZOLE,Dyspnoea,857,4655,7670,75474,1.8116034545294135
VITAMIN D3,Nasopharyngitis,846,7083,4994,75733,1.8112973178996499
ASPIRIN,Dyspnoea,1593,9036,6934,71093,1.8075176938625652
VITAMIN D3,Dyspnoea,1209,6720,7318,73409,1.8047370353921837
PREDNISONE,Dyspnoea,2473,14794,6054,65335,1.8040226287507783
RITUXIMAB,Condition aggravated,1155,5570,8479,73452,1.7963285786004626
HUMIRA,Dyspnoea,736,4038,7791,76091,1.7801294581211515
RITUXIMAB,Rash,1186,5539,8800,73131,1.7793941719050042
RITUXIMAB,Dyspnoea,1022,5703,7505,74426,1.777139444006176
PREDNISONE,Dizziness,1542,15725,3756,67633,1.7657401321637367
VITAMIN D3,Pneumonia,918,7011,5573,75154,1.7657359997438595
ASPIRIN,Headache,1504,9125,6665,71362,1.7647444409047468
VITAMIN D3,Pain,1218,6711,7530,73197,1.7642428052653045
ASPIRIN,Vomiting,1031,9598,4546,73481,1.7362951265602242
COSENTYX,Dyspnoea,567,3168,7960,76961,1.7304359153723161
PANTOPRAZOLE,Nasopharyngitis,575,4937,5265,77879,1.722767651131705
ASPIRIN,Malaise,986,9643,4465,73562,1.6846000655657825
RITUXIMAB,Arthralgia,1161,5564,9061,72870,1.6780996141576094
VITAMIN D3,Pyrexia,706,7223,4504,76223,1.654149439733789
ASPIRIN,Pneumonia,1147,9482,5344,72683,1.6452422814674386
ORENCIA,Dyspnoea,576,3444,7951,76685,1.6130506670429552
CIMZIA,Off label use,1316,3361,16408,67571,1.6124716051313348
METHOTREXATE,Rash,1349,7043,8637,71627,1.588430082588159
ACETAMINOPHEN,Product dose omission issue,1376,9897,6288,71095,1.5719596320472367
FOLIC ACID,Drug ineffective,1377,4857,12639,69783,1.5653186473761982
COSENTYX,Off label use,1029,2706,16695,68226,1.5540001952335132
HUMIRA,Off label use,1289,3485,16435,67447,1.5178996603724337
ORENCIA,Off label use,1079,2941,16645,67991,1.4986287137576708
PREDNISONE,Arthralgia,2596,14671,7626,63763,1.4795066181272563
LEFLUNOMIDE,Pruritus,545,2123,12827,73161,1.4642021706964463
ASPIRIN,Pyrexia,846,9783,4364,73663,1.4596978540656724
ACETAMINOPHEN,Arthralgia,1716,9557,8506,68877,1.4539334955652745
SULFASALAZINE,Pruritus,593,2343,12779,72941,1.444632056627529
ACTEMRA,Pruritus,565,2306,12807,72978,1.3961551815596291
PANTOPRAZOLE,Arthralgia,822,4690,9400,73744,1.3749845302363561
ENBREL,Pruritus,550,2286,12822,72998,1.369751082627696
CIMZIA,Dyspnoea,584,4093,7943,76036,1.3658587900555446
DICLOFENAC SODIUM,Pruritus,503,2105,12869,73179,1.3588063085552957
ASPIRIN,Pain,1315,9314,7433,70594,1.3408900774771844
PANTOPRAZOLE,Condition aggravated,755,4757,8879,74265,1.3274981655477256
ACETAMINOPHEN,Rash,1540,9733,8446,68937,1.29144317131975
ASPIRIN,Product dose omission issue,1123,9506,6541,71486,1.2910967680178047
PANTOPRAZOLE,Drug ineffective,1056,4456,12960,70184,1.2833699049138905
ACETAMINOPHEN,Condition aggravated,1461,9812,8173,69210,1.2608982057343419
VITAMIN D3,Arthralgia,1060,6869,9162,71565,1.2053765467568147
METHOTREXATE,Dyspnoea,935,7457,7592,72672,1.200213150407966
DUPIXENT,Condition aggravated,3824,28061,5810,50961,1.1952989801355431
ACETAMINOPHEN,Drug ineffective,1989,9284,12027,65356,1.1642005616617244
ADALIMUMAB,Pruritus,520,2639,12852,72645,1.1137788448712818
COSENTYX,Pruritus,587,3148,12785,72136,1.052094382761724
ASPIRIN,Nasopharyngitis,726,9903,5114,72913,1.0452353412773436
COSENTYX,Product dose omission issue,335,3400,7329,77592,1.0431292287688714
RAMIPRIL,Pruritus,443,2593,12929,72691,0.9605432344803326
VITAMIN D3,Rash,860,7069,9126,71601,0.9545069456709663
ORENCIA,Pruritus,568,3452,12804,71832,0.9231023184744918
PANTOPRAZOLE,Rash,577,4935,9409,73735,0.91626030521339
PREDNISONE,Rash,1819,15448,8167,63222,0.9115198132561241
HUMIRA,Pruritus,661,4113,12711,71171,0.899841667067869
ASPIRIN,Off label use,1947,8682,15777,62250,0.8848325699071444
CIMZIA,Pruritus,622,4055,12750,71229,0.8569316602596649
ASPIRIN,Arthralgia,1083,9546,9139,68888,0.8551689532204931
VITAMIN D3,Off label use,1406,6523,16318,64409,0.8507805833683774
DUPIXENT,Dyspnoea,2749,29136,5778,50993,0.8326794311453107
PREDNISONE,Product dose omission issue,1269,15998,6395,64994,0.8061737388792051
PANTOPRAZOLE,Product dose omission issue,384,5128,7280,75864,0.780346642437126
VITAMIN D3,Condition aggravated,696,7233,8938,71789,0.7728733422251022
FOLIC ACID,Product dose omission issue,431,5803,7233,75189,0.7720768723796163
FOLIC ACID,Pruritus,713,5521,12659,69763,0.711700926218143
DUPIXENT,Arthralgia,2910,28975,7312,49459,0.679326713400785
VITAMIN D3,Drug ineffective,915,7014,13101,67626,0.6733867800399724
DUPIXENT,Drug ineffective,3961,27924,10055,46716,0.6590385026744824
DUPIXENT,Product dose omission issue,2091,29794,5573,51198,0.6447467658807838
ACETAMINOPHEN,Pruritus,1183,10090,12189,65194,0.6270946988629125
RITUXIMAB,Pruritus,682,6043,12690,69241,0.6157912162728708
ASPIRIN,Drug ineffective,1148,9481,12868,65159,0.6131279295334612
ASPIRIN,Rash,776,9853,9210,68817,0.5884767978535282
VITAMIN D3,Pruritus,744,7185,12628,68099,0.5584088908698105
DUPIXENT,Nasopharyngitis,1422,30463,4418,52353,0.5531498355536487
METHOTREXATE,Pruritus,766,7626,12606,67658,0.5391055733038177
PANTOPRAZOLE,Pruritus,459,5053,12913,70231,0.4940433848353737
ASPIRIN,Condition aggravated,576,10053,9058,68969,0.4362630322483595
METHOTREXATE,Product dose omission issue,349,8043,7315,72949,0.4327253826812122
PREDNISONE,Pruritus,1323,15944,12049,59340,0.40865714455736585
ORENCIA,Product dose omission issue,153,3867,7511,77125,0.4062699248756337
ACTEMRA,Product dose omission issue,105,2766,7559,78226,0.3928474166635339
ASPIRIN,Pruritus,716,9913,12656,65371,0.3730753701322874
DICLOFENAC SODIUM,Product dose omission issue,90,2518,7574,78474,0.37032861679509327
RAMIPRIL,Product dose omission issue,98,2938,7566,78054,0.34411460967853214
DUPIXENT,Headache,1410,30475,6759,50012,0.3423475107658843
DUPIXENT,Pyrexia,875,31010,4335,52436,0.34130821363202035
DUPIXENT,Pain,1406,30479,7342,49429,0.3105646716274248
LEFLUNOMIDE,Product dose omission issue,75,2593,7589,78399,0.2988028372605996
DUPIXENT,Dizziness,776,31109,4522,52249,0.2882193239621187
SULFASALAZINE,Product dose omission issue,73,2863,7591,78129,0.2624307891125919
DUPIXENT,Pneumonia,819,31066,5672,51099,0.23750608604620566
HUMIRA,Product dose omission issue,108,4666,7556,76326,0.23380811189014297
DUPIXENT,Off label use,2479,29406,15245,41526,0.2296324422650139
ENBREL,Product dose omission issue,58,2778,7606,78214,0.21469598761312875
DUPIXENT,Fatigue,1294,30591,9559,47212,0.20892025110689572
RITUXIMAB,Product dose omission issue,125,6600,7539,74392,0.1868867746305072
DUPIXENT,Vomiting,534,31351,5043,51728,0.1747135459266442
DUPIXENT,Malaise,510,31375,4941,51830,0.17051115513658782
DUPIXENT,Nausea,758,31127,7104,49667,0.17025383983430856
DUPIXENT,Diarrhoea,694,31191,6914,49857,0.1604452776410854
ADALIMUMAB,Product dose omission issue,40,3119,7624,77873,0.1309931647987641
DUPIXENT,Asthenia,330,31555,4270,52501,0.12858356306616045
