Drug Name,Frequency
DUPIXENT,47067
INFLECTRA,35057
PREDNISONE,28596
MOUNJARO,28265
METHOTREXATE,23829
ZEPBOUND,23410
RITUXIMAB,18612
VEDOLIZUMAB,18580
ACTEMRA,17465
ACETAMINOPHEN,16656
SULFASALAZINE,13933
FOLIC ACID,13724
ASPIRIN,11861
ELIGARD,10730
ORENCIA,9822
HUMIRA,9744
ALBUTEROL SULFATE,9349
OMALIZUMAB,9261
CETIRIZINE HYDROCHLORIDE,8883
DEXAMETHASONE,8841
GABAPENTIN,8733
ATORVASTATIN,8135
INFLIXIMAB,8059
REMICADE,8048
HYDROXYCHLOROQUINE,7696
LEFLUNOMIDE,7390
AMLODIPINE,7383
ENBREL,7366
COSENTYX,7292
PREDNISOLONE,7289
XELJANZ,7246
CABOMETYX,7234
OMEPRAZOLE,7212
VITAMIN D3,7194
DESOXIMETASONE,7112
PANTOPRAZOLE,6982
HUMAN IMMUNOGLOBULIN G,6820
ADALIMUMAB,6691
FUROSEMIDE,6580
METFORMIN,6544
ORGOVYX,6436
ELIQUIS,6400
REVLIMID,6323
CYCLOPHOSPHAMIDE,6188
SKYRIZI,6140
MESALAMINE,6011
XOLAIR,5826
LEVOTHYROXINE,5716
HYDROXYCHLOROQUINE SULFATE,5701
TACROLIMUS,5538
