Adverse Reaction,Frequency
OFF LABEL USE,34209
DRUG INEFFECTIVE,23422
FATIGUE,19078
PRODUCT DOSE OMISSION ISSUE,17439
NAUSEA,15551
DIARRHOEA,15327
DEATH,14494
HEADACHE,12679
PAIN,11878
DYSPNOEA,11860
PRURITUS,11363
ARTHRALGIA,10985
RASH,10394
VOMITING,10240
CONDITION AGGRAVATED,10107
INAPPROPRIATE SCHEDULE OF PRODUCT ADMINISTRATION,9523
DIZZINESS,9445
PNEUMONIA,9409
MALAISE,8985
PRODUCT USE IN UNAPPROVED INDICATION,8946
INJECTION SITE PAIN,8476
COUGH,8264
INCORRECT DOSE ADMINISTERED,7926
ASTHENIA,7880
PYREXIA,7861
FALL,7608
COVID - 19,7160
NASOPHARYNGITIS,7114
ILLNESS,6815
WEIGHT DECREASED,6736
INFLUENZA,6170
NO ADVERSE EVENT,5942
PAIN IN EXTREMITY,5906
WEIGHT INCREASED,5716
DECREASED APPETITE,5709
CONSTIPATION,5602
DRUG DOSE OMISSION BY DEVICE,5474
PRODUCT USE ISSUE,5398
ABDOMINAL PAIN,5231
DERMATITIS ATOPIC,5170
ANXIETY,5123
INSOMNIA,5068
HYPERTENSION,4907
BACK PAIN,4877
WRONG TECHNIQUE IN PRODUCT USAGE PROCESS,4800
ABDOMINAL PAIN UPPER,4673
ASTHMA,4628
ERYTHEMA,4514
URINARY TRACT INFECTION,4415
HOSPITALISATION,4194
